Model,CV MSE,Test MSE,Test RMSE,Test MAE,Test R2,Test Spearman Correlation,Top 20 Accuracy,Seed,Label,Train Size,Foundation,Dataset,Baseline
GaussianProcessRegressor,0.5553931538299066,0.5881122324946639,0.7668847582881433,0.6175054503217211,0.0981426248016265,0.320341243784958,15.0,47,score,75,facebook/esm2_t33_650M_UR50D,EC,False
GaussianProcessRegressor,0.5881393454567915,0.5545492944464423,0.7446806660887889,0.5914947492534665,0.1496106636208825,0.4044599401861763,20.0,47,score,75,facebook/esm2_t33_650M_UR50D,EC,True
GaussianProcessRegressor,0.474910381569768,0.498342720332229,0.7059339348212614,0.5629443912872617,0.2358022280855738,0.4591134199918167,30.0,47,score,200,facebook/esm2_t33_650M_UR50D,EC,False
GaussianProcessRegressor,0.484515976555217,0.4920627928875172,0.7014718760488671,0.5582927935444315,0.2454323608541102,0.5173414663737698,30.0,47,score,200,facebook/esm2_t33_650M_UR50D,EC,True
GaussianProcessRegressor,0.5732643656347898,0.5566561501979663,0.7460939285357885,0.5980538139248146,0.1463798459418637,0.3807171631480518,15.0,47,score,100,facebook/esm2_t33_650M_UR50D,EC,False
GaussianProcessRegressor,0.5957894232785128,0.540599434079955,0.7352546729398971,0.5860560579606736,0.1710024724617541,0.4301502208773849,25.0,47,score,100,facebook/esm2_t33_650M_UR50D,EC,True
GaussianProcessRegressor,0.8625727192113934,0.6793185011394992,0.8242078021588362,0.6683208818000426,-0.041720213440588,0.1436920823341273,5.0,47,score,20,facebook/esm2_t33_650M_UR50D,EC,False
GaussianProcessRegressor,0.8276344402639877,0.6151038371123715,0.7842855583984519,0.6410562315963363,0.0567515835208468,0.3481377493172835,15.0,47,score,20,facebook/esm2_t33_650M_UR50D,EC,True
GaussianProcessRegressor,0.464453694723996,0.4365215273858205,0.6606977579694217,0.5234751196190915,0.3306036889662331,0.5811240444697477,25.0,47,score,350,facebook/esm2_t33_650M_UR50D,EC,False
GaussianProcessRegressor,0.4375083632493616,0.4308736360865576,0.656409655692661,0.5221166147195074,0.3392646079900611,0.5979534415414246,30.0,47,score,350,facebook/esm2_t33_650M_UR50D,EC,True
GaussianProcessRegressor,0.528253158089554,0.5924633137170199,0.769716385246553,0.6218091888613209,0.0914703359532482,0.3175280098054975,15.0,47,score,50,facebook/esm2_t33_650M_UR50D,EC,False
GaussianProcessRegressor,0.5485933388623929,0.5450392650829347,0.7382677462025107,0.5909552443227365,0.1641940877463283,0.4102666188600071,20.0,47,score,50,facebook/esm2_t33_650M_UR50D,EC,True
GaussianProcessRegressor,0.4507723503462951,0.3998235845160234,0.6323160479665397,0.4973134393485033,0.3868791898027769,0.6377829886985371,20.0,47,score,500,facebook/esm2_t33_650M_UR50D,EC,False
GaussianProcessRegressor,0.4440708157429742,0.4110253631308767,0.6411125978569417,0.505348643547713,0.3697015048287844,0.6231285331161686,25.0,47,score,500,facebook/esm2_t33_650M_UR50D,EC,True
GaussianProcessRegressor,0.4061220857165185,0.4269519460749334,0.6534155998099016,0.5091342984440661,0.3209415853625873,0.5545673583588637,30.0,49,score,500,facebook/esm2_t33_650M_UR50D,EC,False
GaussianProcessRegressor,0.4293890481793819,0.4086256244139796,0.6392383158212434,0.5015747578161867,0.3500892284349025,0.5904975840908068,35.0,49,score,500,facebook/esm2_t33_650M_UR50D,EC,True
GaussianProcessRegressor,0.7608260805703833,0.6296717328596997,0.7935185775139103,0.6484826001354581,-0.0014801257813115,,0.0,49,score,20,facebook/esm2_t33_650M_UR50D,EC,False
GaussianProcessRegressor,0.7608266282298949,0.6296710777834545,0.7935181647470048,0.6484822443710059,-0.001479083895824,0.2931439861044621,20.0,49,score,20,facebook/esm2_t33_650M_UR50D,EC,True
GaussianProcessRegressor,0.5099222880791972,0.5003002455647626,0.7073190549990596,0.5559610141150324,0.2042826020137401,0.4269054272850593,40.0,49,score,200,facebook/esm2_t33_650M_UR50D,EC,False
GaussianProcessRegressor,0.4544569721991154,0.5002431886152797,0.7072787206012067,0.5485733691937059,0.2043733499351775,0.4461586868499674,30.0,49,score,200,facebook/esm2_t33_650M_UR50D,EC,True
GaussianProcessRegressor,0.4746115061595056,0.4435925139460476,0.666027412308268,0.5212578837097,0.2944750995177334,0.5358896497692901,45.0,49,score,350,facebook/esm2_t33_650M_UR50D,EC,False
GaussianProcessRegressor,0.4755406799691937,0.4340398545134143,0.6588170114025702,0.520481393584045,0.3096684106843174,0.5497089418674722,40.0,49,score,350,facebook/esm2_t33_650M_UR50D,EC,True
GaussianProcessRegressor,0.5458397306828602,0.5433665851364119,0.737134034715812,0.5857768311053837,0.1357864620087289,0.3648109713111967,30.0,49,score,100,facebook/esm2_t33_650M_UR50D,EC,False
GaussianProcessRegressor,0.4880340565257591,0.5202944371857986,0.7213143816574009,0.5647236872508549,0.1724822455826338,0.4073761669749912,35.0,49,score,100,facebook/esm2_t33_650M_UR50D,EC,True
GaussianProcessRegressor,0.8222630574473243,0.5862934633185389,0.7656980235827561,0.6293116340113143,0.0675121325164528,0.2725490270152785,20.0,49,score,50,facebook/esm2_t33_650M_UR50D,EC,False
GaussianProcessRegressor,0.6405241123704858,0.5660379558746518,0.7523549400878895,0.6049532723772323,0.0997281064661494,0.3251163180127253,30.0,49,score,50,facebook/esm2_t33_650M_UR50D,EC,True
GaussianProcessRegressor,0.6479772124988024,0.5168751433557718,0.7189402919267857,0.5736459999248773,0.177920563099964,0.4215712570091753,30.0,49,score,75,facebook/esm2_t33_650M_UR50D,EC,False
GaussianProcessRegressor,0.565353406941258,0.5218605376467844,0.7223991539632258,0.5684723651430136,0.1699913945489831,0.4180890552102197,20.0,49,score,75,facebook/esm2_t33_650M_UR50D,EC,True
GaussianProcessRegressor,0.7294108592362957,0.5848822580960016,0.7647759528750898,0.6227285913037085,0.0160259383693531,0.2303442982223484,20.0,42,score,50,facebook/esm2_t33_650M_UR50D,EC,False
GaussianProcessRegressor,0.8088342144813275,0.5265846833740523,0.7256615487774257,0.5837878140580532,0.1141026035243374,0.3477930116279109,30.0,42,score,50,facebook/esm2_t33_650M_UR50D,EC,True
GaussianProcessRegressor,0.9094627769686456,0.6015910480013095,0.775623006364116,0.6319254831895003,-0.0120840199008467,,0.0,42,score,20,facebook/esm2_t33_650M_UR50D,EC,False
GaussianProcessRegressor,0.9094628341857852,0.6015475940846615,0.7755949935917982,0.6316350670758666,-0.0120109153977336,-0.0818360111432141,10.0,42,score,20,facebook/esm2_t33_650M_UR50D,EC,True
GaussianProcessRegressor,0.6172061086130275,0.5670256541135765,0.7530110584271499,0.6084480689619896,0.0460669165394121,0.2792374485860489,5.0,42,score,75,facebook/esm2_t33_650M_UR50D,EC,False
GaussianProcessRegressor,0.6155931944874387,0.5366754713041343,0.7325813752096993,0.5840567305827683,0.0971264113981837,0.347659853310755,30.0,42,score,75,facebook/esm2_t33_650M_UR50D,EC,True
GaussianProcessRegressor,0.5984131593303224,0.529671023368346,0.7277850117777543,0.5778070494764806,0.1089103131826121,0.3966285509132002,15.0,42,score,100,facebook/esm2_t33_650M_UR50D,EC,False
GaussianProcessRegressor,0.5743114469672048,0.5437792345803524,0.7374138828231758,0.5887502039396378,0.0851754268931697,0.354418525948548,30.0,42,score,100,facebook/esm2_t33_650M_UR50D,EC,True
GaussianProcessRegressor,0.558962630760395,0.4596242832420564,0.6779559596626143,0.5535032427319884,0.2267531344205552,0.483830157746779,20.0,42,score,200,facebook/esm2_t33_650M_UR50D,EC,False
GaussianProcessRegressor,0.5307830447617838,0.4588479017433917,0.6773831277374657,0.5462130424779132,0.2280592763765497,0.470483856197088,25.0,42,score,200,facebook/esm2_t33_650M_UR50D,EC,True
GaussianProcessRegressor,0.4541549587534767,0.4393647635181454,0.662845957608663,0.5489146434056031,0.2608366471848469,0.5037042041132932,20.0,42,score,350,facebook/esm2_t33_650M_UR50D,EC,False
GaussianProcessRegressor,0.4512389351004865,0.4471360158304984,0.6686822981285645,0.5388119889843788,0.247762715473129,0.4883030695573462,25.0,42,score,350,facebook/esm2_t33_650M_UR50D,EC,True
GaussianProcessRegressor,0.4230993297365925,0.3999007123806682,0.6323770334070239,0.5162685489859248,0.3272288178288217,0.5456172955039383,35.0,42,score,500,facebook/esm2_t33_650M_UR50D,EC,False
GaussianProcessRegressor,0.4277191390170322,0.3992564012236774,0.6318673921193255,0.5020285779140388,0.3283127718337901,0.5471496852961996,30.0,42,score,500,facebook/esm2_t33_650M_UR50D,EC,True
GaussianProcessRegressor,1.5755869561061182,0.6753232325569603,0.8217805257834724,0.6863716523831389,-0.0538981923886672,0.1570482658922658,5.0,43,score,20,facebook/esm2_t33_650M_UR50D,EC,False
GaussianProcessRegressor,1.57558829206316,0.6753228763166401,0.8217803090343794,0.6863714408413035,-0.0538976364459549,0.4125413887427603,15.0,43,score,20,facebook/esm2_t33_650M_UR50D,EC,True
GaussianProcessRegressor,0.6082620770141342,0.4650118450533804,0.681917770008511,0.5524183717123625,0.2743102572000718,0.5047604704387147,20.0,43,score,200,facebook/esm2_t33_650M_UR50D,EC,False
GaussianProcessRegressor,0.6244261291923644,0.5090014078762238,0.7134433459471213,0.569105827361712,0.2056608778985058,0.4965991894261848,15.0,43,score,200,facebook/esm2_t33_650M_UR50D,EC,True
GaussianProcessRegressor,0.8120447529883231,0.5419112472024047,0.7361462131957243,0.6035600813253389,0.1543023306050244,0.4005639046784265,20.0,43,score,100,facebook/esm2_t33_650M_UR50D,EC,False
GaussianProcessRegressor,0.7485930099372406,0.4895146716057773,0.6996532509792099,0.5636499368488658,0.2360715540620067,0.4936454062314061,15.0,43,score,100,facebook/esm2_t33_650M_UR50D,EC,True
GaussianProcessRegressor,0.442043578349676,0.4123719335641872,0.642161921608707,0.5149679692933152,0.3564592265993749,0.6102364248656313,20.0,43,score,500,facebook/esm2_t33_650M_UR50D,EC,False
GaussianProcessRegressor,0.4429898321045994,0.4419177258072727,0.664768926625841,0.5247914862503612,0.3103505551713523,0.5942786180012997,20.0,43,score,500,facebook/esm2_t33_650M_UR50D,EC,True
GaussianProcessRegressor,0.8207806829919138,0.6419995736560561,0.8012487589107743,0.6522718965847659,-0.0018938451570955,0.1506380869855159,15.0,43,score,50,facebook/esm2_t33_650M_UR50D,EC,False
GaussianProcessRegressor,0.8188492102700222,0.6419974179178862,0.8012474136731339,0.6522715752340434,-0.0018904809480013,0.1145595925491715,5.0,43,score,50,facebook/esm2_t33_650M_UR50D,EC,True
GaussianProcessRegressor,0.5162732977555858,0.4354099019674169,0.6598559706234512,0.5340881594457683,0.320506556698561,0.566264921711504,20.0,43,score,350,facebook/esm2_t33_650M_UR50D,EC,False
GaussianProcessRegressor,0.5129128653126592,0.4726395652681207,0.687487865542455,0.5473340343120553,0.262406564036838,0.5628286872515157,20.0,43,score,350,facebook/esm2_t33_650M_UR50D,EC,True
GaussianProcessRegressor,0.7979658537734273,0.5997778521214475,0.7744532601270703,0.6444882251378156,0.0639966704651526,0.2232522902906269,15.0,43,score,75,facebook/esm2_t33_650M_UR50D,EC,False
GaussianProcessRegressor,0.8156360245961306,0.5749619468042987,0.7582624524558095,0.6153236040541202,0.1027239591106318,0.4105946807316406,15.0,43,score,75,facebook/esm2_t33_650M_UR50D,EC,True
GaussianProcessRegressor,0.5993595098339904,0.465300904255191,0.6821296828720995,0.529107923920104,0.2591001984505322,0.5208792870867042,35.0,45,score,75,facebook/esm2_t33_650M_UR50D,EC,False
GaussianProcessRegressor,0.6102627920420016,0.50247107868047,0.7088519441184246,0.5558179511395929,0.1999140361125699,0.5086616732849214,25.0,45,score,75,facebook/esm2_t33_650M_UR50D,EC,True
GaussianProcessRegressor,0.5266070676083864,0.4718266626582502,0.686896398780959,0.5315875154454766,0.248709216912412,0.5139638317718066,35.0,45,score,100,facebook/esm2_t33_650M_UR50D,EC,False
GaussianProcessRegressor,0.5249582271418316,0.4943410247701154,0.703093894704054,0.5447078628637588,0.2128595414268357,0.4842197482627324,25.0,45,score,100,facebook/esm2_t33_650M_UR50D,EC,True
GaussianProcessRegressor,0.4956975516163633,0.8290573911868552,0.910525887159094,0.7044781539596238,-0.3201101716892007,,0.0,45,score,20,facebook/esm2_t33_650M_UR50D,EC,False
GaussianProcessRegressor,0.4898083634432439,0.8067031164218295,0.8981665304506896,0.6919024925708145,-0.2845154036891231,0.1450342332227445,0.0,45,score,20,facebook/esm2_t33_650M_UR50D,EC,True
GaussianProcessRegressor,0.5335937449577302,0.450962154590923,0.6715371580120664,0.523907253043541,0.2819318256482676,0.5653650056477817,25.0,45,score,200,facebook/esm2_t33_650M_UR50D,EC,False
GaussianProcessRegressor,0.4942203157050616,0.4828413026993809,0.6948678311012685,0.5485277808618227,0.2311705778382508,0.5239382424466271,5.0,45,score,200,facebook/esm2_t33_650M_UR50D,EC,True
GaussianProcessRegressor,0.5737708457066659,0.5561285759450934,0.7457402871946059,0.5780618290494901,0.1144750680997391,0.3861140018158173,5.0,45,score,50,facebook/esm2_t33_650M_UR50D,EC,False
GaussianProcessRegressor,0.6803034811761813,0.5787113984722874,0.7607308318139125,0.5919010753394452,0.0785163829224403,0.4659213905604527,0.0,45,score,50,facebook/esm2_t33_650M_UR50D,EC,True
GaussianProcessRegressor,0.4464583969599778,0.4273626111756043,0.6537297692285432,0.4969051849842372,0.3195094380559971,0.5845626509992304,25.0,45,score,500,facebook/esm2_t33_650M_UR50D,EC,False
GaussianProcessRegressor,0.4480726565175986,0.431780533991694,0.6571000943476527,0.4993887417320083,0.3124747684308838,0.5807650520816597,30.0,45,score,500,facebook/esm2_t33_650M_UR50D,EC,True
GaussianProcessRegressor,0.4904783045903093,0.4248279704766006,0.6517882865444887,0.4985241162224351,0.3235453528236613,0.5992514711365875,25.0,45,score,350,facebook/esm2_t33_650M_UR50D,EC,False
GaussianProcessRegressor,0.4727236825682735,0.4445838647792792,0.6667712237186599,0.5137849217195068,0.2920879925769268,0.577158875078926,20.0,45,score,350,facebook/esm2_t33_650M_UR50D,EC,True
GaussianProcessRegressor,0.427565214188308,0.4209980537371077,0.6488436281085819,0.5020226300301877,0.3170822133971422,0.5643216727228356,25.0,46,score,500,facebook/esm2_t33_650M_UR50D,EC,False
GaussianProcessRegressor,0.4302977684312019,0.3997856509705334,0.6322860515388058,0.4953066288383494,0.3514917006080338,0.5908841119998872,30.0,46,score,500,facebook/esm2_t33_650M_UR50D,EC,True
GaussianProcessRegressor,0.7078986656675894,0.6743722499503252,0.8212017108788346,0.6424366542188669,-0.0939262074832536,,0.0,46,score,20,facebook/esm2_t33_650M_UR50D,EC,False
GaussianProcessRegressor,0.7078989693606912,0.6743401564662093,0.8211821700854258,0.6424246067579938,-0.0938741473586466,0.0498625975238645,15.0,46,score,20,facebook/esm2_t33_650M_UR50D,EC,True
GaussianProcessRegressor,0.4357912025964574,0.6205316756558932,0.7877383294317303,0.6117845263112874,-0.0065892578223403,0.2914932752189252,25.0,46,score,50,facebook/esm2_t33_650M_UR50D,EC,False
GaussianProcessRegressor,0.439738089028091,0.591632671911619,0.7691766194520079,0.5928433942616322,0.0402889723663233,0.3729045483647983,35.0,46,score,50,facebook/esm2_t33_650M_UR50D,EC,True
GaussianProcessRegressor,0.4143210806769592,0.5659460639222424,0.7522938680610407,0.5933288636965267,0.0819562468767993,0.3020226372467939,35.0,46,score,75,facebook/esm2_t33_650M_UR50D,EC,False
GaussianProcessRegressor,0.4635705910799121,0.5338759012608663,0.7306681197786491,0.5726424506945877,0.1339785408192243,0.342199345530943,35.0,46,score,75,facebook/esm2_t33_650M_UR50D,EC,True
GaussianProcessRegressor,0.5199998475040878,0.5337620507680416,0.7305902071394343,0.5763083400604867,0.1341632222586593,0.3426714614923011,35.0,46,score,100,facebook/esm2_t33_650M_UR50D,EC,False
GaussianProcessRegressor,0.5083890667370421,0.5328026065576397,0.7299332891145873,0.5780291572963879,0.1357195750985841,0.3031411224424872,40.0,46,score,100,facebook/esm2_t33_650M_UR50D,EC,True
GaussianProcessRegressor,0.4402317868673816,0.4264231688576403,0.6530108489586068,0.5090065351891291,0.3082819171076649,0.5619475078812649,25.0,46,score,350,facebook/esm2_t33_650M_UR50D,EC,False
GaussianProcessRegressor,0.4652202608582674,0.4034434763901509,0.6351720053577227,0.4977637040326577,0.3455581956495888,0.5872141844592887,30.0,46,score,350,facebook/esm2_t33_650M_UR50D,EC,True
GaussianProcessRegressor,0.4279457552523497,0.4900052930983503,0.7000037807743257,0.5448140038738502,0.2051428095309633,0.4494292893005599,20.0,46,score,200,facebook/esm2_t33_650M_UR50D,EC,False
GaussianProcessRegressor,0.4446305485482132,0.4777941842805008,0.6912265795529718,0.5445363141231858,0.2249509376964673,0.4710948275777031,20.0,46,score,200,facebook/esm2_t33_650M_UR50D,EC,True
GaussianProcessRegressor,0.4914725736496595,0.4680382986833373,0.6841332462929552,0.5361874567441325,0.1987249381340708,0.458951318242347,20.0,48,score,200,facebook/esm2_t33_650M_UR50D,EC,False
GaussianProcessRegressor,0.4602188952240794,0.459028563484113,0.6775164673158233,0.5273328629005425,0.2141494795646824,0.4895626175764588,20.0,48,score,200,facebook/esm2_t33_650M_UR50D,EC,True
GaussianProcessRegressor,0.6019890325173556,0.5051430975612671,0.7107341961389413,0.5702718038975925,0.1352020381917493,0.3558007617600716,20.0,48,score,100,facebook/esm2_t33_650M_UR50D,EC,False
GaussianProcessRegressor,0.5304784464224707,0.4890489713362425,0.6993203638792757,0.5558634972111584,0.1627549585893163,0.4220006529295699,20.0,48,score,100,facebook/esm2_t33_650M_UR50D,EC,True
GaussianProcessRegressor,0.4143649458030514,0.4145944311898264,0.6438900769462335,0.5066656818346207,0.2902200964420249,0.5508535239295574,15.0,48,score,500,facebook/esm2_t33_650M_UR50D,EC,False
GaussianProcessRegressor,0.4271249579905946,0.4100663329169392,0.6403642189542911,0.498790622865213,0.2979721377470837,0.5572682059711662,25.0,48,score,500,facebook/esm2_t33_650M_UR50D,EC,True
GaussianProcessRegressor,0.6442557326903822,0.4921133050470124,0.7015078795330901,0.5648761368289844,0.1575088618690642,0.3813727972498493,20.0,48,score,75,facebook/esm2_t33_650M_UR50D,EC,False
GaussianProcessRegressor,0.5433286025536234,0.4939351734378709,0.7028052172813396,0.5615264334016876,0.1543898485069026,0.4064382134099219,25.0,48,score,75,facebook/esm2_t33_650M_UR50D,EC,True
GaussianProcessRegressor,0.9702526804653028,0.5100360885242182,0.7141681094281781,0.5834125891241224,0.1268253056731126,0.3398868952826095,20.0,48,score,50,facebook/esm2_t33_650M_UR50D,EC,False
GaussianProcessRegressor,0.7612942488199171,0.5127465004039892,0.7160631958172331,0.5723445330529502,0.1221851182082081,0.3646710162681444,25.0,48,score,50,facebook/esm2_t33_650M_UR50D,EC,True
GaussianProcessRegressor,0.894762656128888,0.5997909334380234,0.774461705598168,0.6267557630408988,-0.0268337412753811,0.1068423567218345,0.0,48,score,20,facebook/esm2_t33_650M_UR50D,EC,False
GaussianProcessRegressor,0.7730660604079829,0.5306696170998821,0.7284707386710068,0.5866874569305771,0.0915009915464959,0.2629414387512101,25.0,48,score,20,facebook/esm2_t33_650M_UR50D,EC,True
GaussianProcessRegressor,0.442641145102235,0.4331552809384718,0.6581453342070214,0.5193928221762409,0.2584441796581459,0.5357856070870574,15.0,48,score,350,facebook/esm2_t33_650M_UR50D,EC,False
GaussianProcessRegressor,0.4253558467544759,0.4268058088816681,0.653303764631483,0.5089920634820854,0.2693143875651564,0.5423369525010058,15.0,48,score,350,facebook/esm2_t33_650M_UR50D,EC,True
GaussianProcessRegressor,0.3806786104548009,0.5038532610502368,0.7098262189087106,0.5554518203780703,0.1351343244132131,0.4055563179301832,5.0,44,score,75,facebook/esm2_t33_650M_UR50D,EC,False
GaussianProcessRegressor,0.2951700773515312,0.525989529930921,0.725251356379925,0.5552124126026045,0.0971373506503402,0.4237566613058802,20.0,44,score,75,facebook/esm2_t33_650M_UR50D,EC,True
GaussianProcessRegressor,0.518455948730376,0.5153175714903393,0.7178562331625598,0.5679481882533154,0.1154558002070803,0.3767187868446686,5.0,44,score,50,facebook/esm2_t33_650M_UR50D,EC,False
GaussianProcessRegressor,0.2996397197925946,0.6049579106428293,0.7777904027710996,0.5977232314129559,-0.0384121182407415,0.3393845620671891,5.0,44,score,50,facebook/esm2_t33_650M_UR50D,EC,True
GaussianProcessRegressor,0.4286863146176827,0.4522600523868475,0.6725028270474761,0.5295225998704013,0.2236942261063038,0.4888224568582508,15.0,44,score,200,facebook/esm2_t33_650M_UR50D,EC,False
GaussianProcessRegressor,0.3807582246802004,0.4735047369784806,0.6881168047493686,0.5343609117881047,0.1872276595236595,0.4621567649330731,25.0,44,score,200,facebook/esm2_t33_650M_UR50D,EC,True
GaussianProcessRegressor,0.4433820708858097,0.4169754301103399,0.6457363472117238,0.5104476917463983,0.2842603889994198,0.5225694628868929,20.0,44,score,350,facebook/esm2_t33_650M_UR50D,EC,False
GaussianProcessRegressor,0.4154068500331077,0.4277401489506156,0.6540184622398787,0.5104802815428346,0.2657827159306958,0.5382701151525323,15.0,44,score,350,facebook/esm2_t33_650M_UR50D,EC,True
GaussianProcessRegressor,0.4818157150524704,0.3807016097343214,0.6170102185007322,0.4928587280604487,0.3465245134792872,0.5729226261854974,35.0,44,score,500,facebook/esm2_t33_650M_UR50D,EC,False
GaussianProcessRegressor,0.4697771134484858,0.3860764205930356,0.6213504812849473,0.49051001529028,0.3372986340738751,0.5809986325440288,40.0,44,score,500,facebook/esm2_t33_650M_UR50D,EC,True
GaussianProcessRegressor,0.4591876886706022,0.5189700429785219,0.7203957544145592,0.565882808265284,0.1091863216398403,0.3682514222217051,5.0,44,score,100,facebook/esm2_t33_650M_UR50D,EC,False
GaussianProcessRegressor,0.4252240048057563,0.5400313927371803,0.7348682825766671,0.5680517248301218,0.073034449863078,0.3801321432564801,5.0,44,score,100,facebook/esm2_t33_650M_UR50D,EC,True
GaussianProcessRegressor,0.8382241332860524,0.6510390404074555,0.8068699030249272,0.6203234338279224,-0.1175105195145842,,0.0,44,score,20,facebook/esm2_t33_650M_UR50D,EC,False
GaussianProcessRegressor,0.7975678035627329,0.5966044040966008,0.7724017116090569,0.5892935804613124,-0.0240732985066716,0.2510765593706165,5.0,44,score,20,facebook/esm2_t33_650M_UR50D,EC,True
GaussianProcessRegressor,0.5679881280868729,0.5344619485548339,0.7310690449983736,0.5946349111504157,0.1886478487931159,0.447444425484352,35.0,50,score,75,facebook/esm2_t33_650M_UR50D,EC,False
GaussianProcessRegressor,0.552364523678833,0.5190949036716317,0.7204824103832318,0.5793405415344696,0.2119761417752301,0.5234391265605332,30.0,50,score,75,facebook/esm2_t33_650M_UR50D,EC,True
GaussianProcessRegressor,0.4748508189927579,0.4323024441905473,0.6574971058419553,0.5367785212821624,0.343733414484588,0.546293921420664,35.0,50,score,350,facebook/esm2_t33_650M_UR50D,EC,False
GaussianProcessRegressor,0.4504849946565946,0.4403455828091642,0.6635853997860142,0.523680788889684,0.3315233444537552,0.566629557306052,20.0,50,score,350,facebook/esm2_t33_650M_UR50D,EC,True
GaussianProcessRegressor,0.5797154182172415,0.6640978317324028,0.814921978923383,0.6542659469516704,-0.0081488604471375,,5.0,50,score,50,facebook/esm2_t33_650M_UR50D,EC,False
GaussianProcessRegressor,0.5813615911450215,0.5751303386525389,0.7583734822978312,0.6161021505537934,0.126910271625808,0.4545917632237598,20.0,50,score,50,facebook/esm2_t33_650M_UR50D,EC,True
GaussianProcessRegressor,0.5345523710970065,0.6690824001822195,0.8179745718432936,0.6716097083749869,-0.0157157982722384,,5.0,50,score,20,facebook/esm2_t33_650M_UR50D,EC,False
GaussianProcessRegressor,0.5345525013427618,0.6690825349525739,0.8179746542238175,0.6716097682065556,-0.0157160028634486,0.2214892247353999,0.0,50,score,20,facebook/esm2_t33_650M_UR50D,EC,True
GaussianProcessRegressor,0.4039967151563343,0.4166137526754802,0.6454562360652194,0.5198001165730072,0.3675499904724387,0.5700072531862861,35.0,50,score,500,facebook/esm2_t33_650M_UR50D,EC,False
GaussianProcessRegressor,0.4017053703763652,0.5193227557051201,0.72064051766822,0.5742479359049184,0.2116302457988605,0.4815932649356634,20.0,50,score,500,facebook/esm2_t33_650M_UR50D,EC,True
GaussianProcessRegressor,0.4770002265005743,0.5271229312566865,0.7260323210826681,0.5897615634104006,0.1997890113935538,0.4415389300566612,25.0,50,score,100,facebook/esm2_t33_650M_UR50D,EC,False
GaussianProcessRegressor,0.5087597170916517,0.5249398617126158,0.7245273367600533,0.5870850900688857,0.2031030699071776,0.5124858085533714,25.0,50,score,100,facebook/esm2_t33_650M_UR50D,EC,True
GaussianProcessRegressor,0.4300355830684015,0.5077144851307859,0.7125408655865191,0.5756421050630004,0.2292524457099014,0.4456143041803624,10.0,50,score,200,facebook/esm2_t33_650M_UR50D,EC,False
GaussianProcessRegressor,0.4368376786413194,0.5323607317830605,0.7296305447163383,0.5858430794827605,0.1918376488388256,0.4445867960751323,0.0,50,score,200,facebook/esm2_t33_650M_UR50D,EC,True
GaussianProcessRegressor,0.48705758293548,0.4116326455337397,0.6415860390732795,0.4986933218322819,0.3308805082923648,0.5943949799532889,30.0,51,score,350,facebook/esm2_t33_650M_UR50D,EC,False
GaussianProcessRegressor,0.4781479815733161,0.4423169061934106,0.6650690988111014,0.5156452283646158,0.2810024504687397,0.5499758184025193,15.0,51,score,350,facebook/esm2_t33_650M_UR50D,EC,True
GaussianProcessRegressor,0.5988904859552246,0.7386558733213133,0.8594509138521602,0.6846328324026606,-0.2007041906570679,0.3331919553425784,10.0,51,score,75,facebook/esm2_t33_650M_UR50D,EC,False
GaussianProcessRegressor,0.5702107896026039,0.4655167505567722,0.6822878795323659,0.5527482242697492,0.243290504546714,0.4505192703489804,40.0,51,score,75,facebook/esm2_t33_650M_UR50D,EC,True
GaussianProcessRegressor,0.6232035723330573,0.6536769292223642,0.8085028937625173,0.6684315303668088,-0.0625687232730074,0.0517374811874533,20.0,51,score,20,facebook/esm2_t33_650M_UR50D,EC,False
GaussianProcessRegressor,0.616644207057282,0.6450758662517935,0.8031661510869301,0.6679244882531107,-0.0485874733759024,0.1417809724380378,40.0,51,score,20,facebook/esm2_t33_650M_UR50D,EC,True
GaussianProcessRegressor,0.4718730229403571,0.463733547807439,0.6809798439068803,0.5386139300059894,0.2461891466495491,0.4758053598268223,40.0,51,score,200,facebook/esm2_t33_650M_UR50D,EC,False
GaussianProcessRegressor,0.4687848572813243,0.4447104823342973,0.6668661652342974,0.5336038304655369,0.2771116306610033,0.5215650725178004,35.0,51,score,200,facebook/esm2_t33_650M_UR50D,EC,True
GaussianProcessRegressor,0.5709263123808479,0.4723029321157371,0.6872429935006519,0.5587551376947836,0.2322593912357603,0.4802028821662986,40.0,51,score,100,facebook/esm2_t33_650M_UR50D,EC,False
GaussianProcessRegressor,0.54881756748657,0.4765768891722179,0.6903454853710698,0.5614659827067899,0.2253119637072546,0.462288815882043,35.0,51,score,100,facebook/esm2_t33_650M_UR50D,EC,True
GaussianProcessRegressor,0.433218175240233,0.3941580427833326,0.6278200719818797,0.4848937720028058,0.359285926174088,0.6126942278729035,25.0,51,score,500,facebook/esm2_t33_650M_UR50D,EC,False
GaussianProcessRegressor,0.4315673536054102,0.4088863574402621,0.6394422236920723,0.4915180789787062,0.3353446704843787,0.599637031269693,20.0,51,score,500,facebook/esm2_t33_650M_UR50D,EC,True
GaussianProcessRegressor,0.6638421985350369,0.5295199536373306,0.7276812170431023,0.5976089750766167,0.1392516456816837,0.4045470933112803,35.0,51,score,50,facebook/esm2_t33_650M_UR50D,EC,False
GaussianProcessRegressor,0.5228934620754787,0.5268705029629654,0.7258584593176314,0.5974138078348602,0.14355839614905,0.339426819044637,40.0,51,score,50,facebook/esm2_t33_650M_UR50D,EC,True
