Dataset,Label,Baseline,Foundation,Model,Train Size,CV MSE Mean,CV MSE Std,Test MSE Mean,Test MSE Std,Test RMSE Mean,Test RMSE Std,Test MAE Mean,Test MAE Std,Test R2 Mean,Test R2 Std,Test Spearman Correlation Mean,Test Spearman Correlation Std,Top 20 Accuracy Mean,Top 20 Accuracy Std
EC,score,True,facebook/esm2_t33_650M_UR50D,GaussianProcessRegressor,20,0.7993050099917524,0.3028250725991155,0.6444121080586017,0.07221509206274655,0.8016540981898561,0.04425701343051899,0.6457387377064877,0.03629521822326035,-0.03859013864659621,0.10148958357363574,0.2044172139063165,0.14568421441139595,14.5,12.122064363978788
EC,score,False,facebook/esm2_t33_650M_UR50D,GaussianProcessRegressor,20,0.8202787482985496,0.30333296568059037,0.6662923458944711,0.06425499896574094,0.815466658408717,0.038100377924519674,0.6569135861297248,0.027411135476716853,-0.07458477130190788,0.09377762250597227,0.11483004653392023,0.047116416625397554,3.5,6.258327785172862
EC,score,True,facebook/esm2_t33_650M_UR50D,GaussianProcessRegressor,50,0.6102031468021514,0.1664692106070804,0.5669708645295753,0.04020206040612831,0.7525524640210675,0.026575958755470676,0.6000296098447702,0.021741593653951872,0.08491813398199019,0.0655959218748164,0.35346356405787965,0.09713101057186017,21.0,13.703203194062977
EC,score,False,facebook/esm2_t33_650M_UR50D,GaussianProcessRegressor,50,0.6642536052016169,0.16820317298741533,0.5801270305772894,0.05267792236999667,0.7609545275798733,0.03456455366382194,0.6119203365527612,0.02988113051316199,0.06543842630740965,0.05998456803191844,0.30775771938910457,0.08183433117374152,16.5,9.732534213770956
EC,score,True,facebook/esm2_t33_650M_UR50D,GaussianProcessRegressor,75,0.5619629347790125,0.12979586291047965,0.5228930587740191,0.030905953105632142,0.7228270575191459,0.021450296352070207,0.5736635462676061,0.01962260479310064,0.15601388510896622,0.05074420461822744,0.4235817819879972,0.058860813102597734,26.0,7.745966692414834
EC,score,False,facebook/esm2_t33_650M_UR50D,GaussianProcessRegressor,75,0.5824035876413395,0.11843670595662537,0.557212223823629,0.07712790131596352,0.7449566976994623,0.0500193559905764,0.5966120232723164,0.04523602224136824,0.10077700646518122,0.12415744275749346,0.36348696600112695,0.08857242241651041,20.5,12.349089035228468
EC,score,True,facebook/esm2_t33_650M_UR50D,GaussianProcessRegressor,100,0.545335496639404,0.0854790181110688,0.5151928523737894,0.025341282397075747,0.7175724840805391,0.01771949536132338,0.5698383200977134,0.01471882516531683,0.16775152575918106,0.05591600001246745,0.4249858611359015,0.06621007501888827,25.5,10.394977419675117
EC,score,False,facebook/esm2_t33_650M_UR50D,GaussianProcessRegressor,100,0.568527218381815,0.09792349520139755,0.5200732723243633,0.028907606985900648,0.7209051059282292,0.020251215902366327,0.5757764944606041,0.020919901898032035,0.16046881533702043,0.04938583219360489,0.40451498795197194,0.056580105634004625,24.0,11.00504934614612
EC,score,False,facebook/esm2_t33_650M_UR50D,GaussianProcessRegressor,200,0.4935664371909675,0.06025516269224913,0.4755992925890111,0.021300201420698137,0.6894824441111669,0.015393066675283435,0.547351436844756,0.0158326656959948,0.23260836134989965,0.028276983118982715,0.4758597209518493,0.03895042596945063,24.0,9.944289260117532
EC,score,True,facebook/esm2_t33_650M_UR50D,GaussianProcessRegressor,200,0.4779632642788679,0.0647657186232529,0.4830395292682246,0.02631714206982325,0.6947801463004729,0.01885846626608348,0.5496389812199716,0.017615763900643813,0.2209973799187232,0.026799702993492446,0.4843487519973805,0.030033387778658948,20.5,11.167910378500636
EC,score,False,facebook/esm2_t33_650M_UR50D,GaussianProcessRegressor,350,0.46881351667665383,0.024736957564515806,0.43002056469247696,0.01003354456678318,0.6557191060346879,0.0076752613814851595,0.5200578814628811,0.01652384299669477,0.3055567753733219,0.02995632475180293,0.5547225770429589,0.03137623327892815,26.0,8.755950357709132
EC,score,True,facebook/esm2_t33_650M_UR50D,GaussianProcessRegressor,350,0.4584540460075736,0.02867017121096765,0.43699248597028795,0.017738519706801053,0.660931678531111,0.01340821822349847,0.5199091019631371,0.014464752329393862,0.2944371384829208,0.03507601296720861,0.5560379643118082,0.03073450623180147,23.0,8.232726023485645
EC,score,False,facebook/esm2_t33_650M_UR50D,GaussianProcessRegressor,500,0.4329456506549457,0.023570701008518494,0.4093476677831485,0.01524221283779645,0.6397020603623361,0.011969486730406969,0.5040830369557117,0.011264435831013258,0.3391680997614539,0.02902989900975291,0.5803566022323281,0.03057928618499286,26.5,7.090682462060882
EC,score,True,facebook/esm2_t33_650M_UR50D,GaussianProcessRegressor,500,0.4352714055413644,0.01768445294057975,0.4216743166193391,0.03782706479839713,0.648817081990934,0.028101220537127606,0.5083505489137775,0.02505799238200549,0.32046662174119445,0.04390384210486638,0.5746200719306573,0.03897311739719409,27.5,6.7700320038633
