Dataset,Label,Foundation,Model,Train Size,CV MSE Mean,CV MSE Std,CV RMSE Mean,CV RMSE Std,CV MAE Mean,CV MAE Std,CV R2 Mean,CV R2 Std,Test MSE Mean,Test MSE Std,Test RMSE Mean,Test RMSE Std,Test MAE Mean,Test MAE Std,Test R2 Mean,Test R2 Std,Test Spearman Correlation Mean,Test Spearman Correlation Std
A0A247D711_LISMN_Stadelmann_2021,score,facebook/esm2_t33_650M_UR50D,GaussianProcessRegressor,20,1.5578498607237041,0.9071548459430284,1.195417666041095,0.3783391547871732,0.8733345256638622,0.3288636983604955,-0.01343578815639091,0.1119459357179887,1.828277614006338,0.2127284334666184,1.3501257643070843,0.07773197940894626,0.9713558981300157,0.11990786863422401,-0.0651047504335209,0.12374716144928936,0.18749299518902132,0.08878078002329771
A0A247D711_LISMN_Stadelmann_2021,score,facebook/esm2_t33_650M_UR50D,GaussianProcessRegressor,30,1.7399127427952485,0.6262746342823889,1.295855046209162,0.25964172325533214,0.9623554664591152,0.24977018301585763,-0.030228696991072605,0.07263587636009461,1.7039883273290268,0.12764437150545957,1.3045406269797533,0.049013375592778574,0.9770656982398535,0.08406609460635014,0.0065798445452686215,0.08518056661907299,0.253528475538079,0.07637247950100474
A0A247D711_LISMN_Stadelmann_2021,score,facebook/esm2_t33_650M_UR50D,GaussianProcessRegressor,40,1.649715651009338,0.6034605374813085,1.2600806505466207,0.26228145426736427,0.9098192975694793,0.23841110186013625,-0.008589006330827199,0.0746519748396382,1.7046661619116474,0.19087513605899187,1.3037875955830371,0.07306061042001322,0.9404456368003578,0.09104024790413141,0.00822274881153098,0.09738090309290384,0.23647317359037298,0.16488565955924106
A0A247D711_LISMN_Stadelmann_2021,score,facebook/esm2_t33_650M_UR50D,GaussianProcessRegressor,50,1.6395962536440567,0.572299706226391,1.2606479874980325,0.23655608980445825,0.9182368660540181,0.20142985839618285,0.01702507148151066,0.08356559009218327,1.680184514086778,0.1243256798167977,1.2954139333117534,0.04815779005346779,0.9412908004963606,0.06622831203269595,0.02067315016543286,0.08124938859871451,0.27727260941502174,0.07028764789972115
A0A247D711_LISMN_Stadelmann_2021,score,facebook/esm2_t33_650M_UR50D,GaussianProcessRegressor,60,1.4955073150166345,0.4869027244659111,1.2063755174770552,0.21125399627673438,0.8601549681054703,0.17052442343700414,0.02232911775728604,0.09313629812718495,1.6636691746352263,0.12375221588654593,1.2890153663321278,0.048402938327667115,0.9133832923657434,0.059640304363421895,0.03035456756264516,0.08144267166113046,0.3023408630873769,0.07837966017339718
A0A247D711_LISMN_Stadelmann_2021,score,facebook/esm2_t33_650M_UR50D,GaussianProcessRegressor,70,1.4824280465788422,0.4235852310689438,1.2047230687702146,0.1858026855197593,0.8454101494280162,0.13948269087204604,0.045005773602921365,0.13828622909839633,1.6108255833887803,0.15864501005845022,1.2677797961538169,0.06289295891492239,0.8896873068873214,0.054725546368509966,0.060975871881387464,0.10179334284477302,0.3058432124027291,0.10479366617061563
A0A247D711_LISMN_Stadelmann_2021,score,facebook/esm2_t33_650M_UR50D,GaussianProcessRegressor,80,1.478647425171074,0.31402658063943134,1.2090934489667249,0.13638367789611294,0.8568524349662685,0.09477605211756532,0.049392047303369824,0.07968826609610932,1.6105755811920008,0.21110080687406174,1.266706688106504,0.08185181392310661,0.883461459157292,0.07024447531064935,0.06032678965335211,0.1409448585880427,0.32362646115154525,0.08388275752861095
A0A247D711_LISMN_Stadelmann_2021,score,facebook/esm2_t33_650M_UR50D,GaussianProcessRegressor,90,1.4824663655092087,0.31568340641769704,1.2112788405448713,0.1302558847358231,0.8543347629007558,0.11006254515559416,0.0781822242487089,0.09893726691234454,1.569111719908332,0.2440413878105738,1.2495095586009346,0.09331894456486095,0.8702335674640697,0.08090512380424592,0.08858905525130048,0.11721733723974956,0.3527584093980105,0.05955107917037195
A0A247D711_LISMN_Stadelmann_2021,score,facebook/esm2_t33_650M_UR50D,GaussianProcessRegressor,100,1.4444802025855474,0.24970135444059116,1.197799033703518,0.10412427107636504,0.8366831850496602,0.08462495048304278,0.09344784306668674,0.08498873665579654,1.4920706265926227,0.1558990226060007,1.2201051881292448,0.06158965003889868,0.840742548469281,0.04205023552740377,0.13210905465394268,0.0728201495631856,0.3697168756791699,0.05313867005800848
DN7A_SACS2_Tsuboyama_2023_1JIC,score,facebook/esm2_t33_650M_UR50D,GaussianProcessRegressor,20,0.8946333139717332,0.4756440557599278,0.9197586644856474,0.2325637620460524,0.7063755469931531,0.1982386336121703,0.17536134243275991,0.25693702631893456,1.0838951642192085,0.209390287585723,1.0367431628776,0.10032601549038257,0.7543345525149376,0.07541091028524181,0.15462531458817014,0.13525635885783013,0.524030854523418,0.061635126531824534
DN7A_SACS2_Tsuboyama_2023_1JIC,score,facebook/esm2_t33_650M_UR50D,GaussianProcessRegressor,30,0.7552639694118841,0.30846888956842977,0.8512039530574331,0.184739455303599,0.631854912162121,0.15472281483550582,0.36489772669144116,0.21338603244957105,0.9361367707693018,0.13205127246479978,0.9654409582315557,0.06716916404155882,0.7162844567832611,0.03352317114013008,0.26666526641991883,0.09712055797259388,0.6061344821379285,0.02934519048006574
DN7A_SACS2_Tsuboyama_2023_1JIC,score,facebook/esm2_t33_650M_UR50D,GaussianProcessRegressor,40,0.7794011009572113,0.23228174415883512,0.8731253793021324,0.1376516253918591,0.6365486428459498,0.1114898604359538,0.3377756110198981,0.15620418741911105,0.8836642023199779,0.1487824918114815,0.9370925726511073,0.07832774875204472,0.6800062734395699,0.07062105060783232,0.30726034161667615,0.11606222593708843,0.6238771867087467,0.06651831947184256
DN7A_SACS2_Tsuboyama_2023_1JIC,score,facebook/esm2_t33_650M_UR50D,GaussianProcessRegressor,50,0.6875915430723443,0.1672014041282449,0.8236346942739539,0.10120075461178273,0.5860188077817703,0.0722938342593186,0.4579894889846943,0.08121288790263896,0.7907813237983621,0.17127744393458047,0.8845467957669882,0.09636902393471164,0.6378991497407538,0.08590419591435207,0.3805393735195544,0.13216732764018066,0.6468689810759243,0.06782328062456092
DN7A_SACS2_Tsuboyama_2023_1JIC,score,facebook/esm2_t33_650M_UR50D,GaussianProcessRegressor,60,0.6167955142915895,0.1673134689806713,0.7783427639779605,0.11044383215381658,0.5570579952890837,0.08179429623549164,0.5087945847049153,0.09344279567116975,0.7093644141783055,0.11823079130523251,0.8395791929051631,0.07048398572268785,0.6047416010720157,0.05729584594009692,0.4448030588412242,0.08669123224962323,0.6633655718622874,0.053291263118423596
DN7A_SACS2_Tsuboyama_2023_1JIC,score,facebook/esm2_t33_650M_UR50D,GaussianProcessRegressor,70,0.5788155365805489,0.1148967748394483,0.7571118511598509,0.07886121010887603,0.5334009531178862,0.05428823863342366,0.5221579736231419,0.11851797046854774,0.7126659562195046,0.14031798874262855,0.8404384620249237,0.08385932512041015,0.5969475696703439,0.055687186629352806,0.4425267916099832,0.10344589592426591,0.6769068388273553,0.04799603317698383
DN7A_SACS2_Tsuboyama_2023_1JIC,score,facebook/esm2_t33_650M_UR50D,GaussianProcessRegressor,80,0.5656826166251477,0.10734685885927701,0.7486392055084842,0.0761720027363016,0.5350731996007974,0.057103324128720066,0.5260642651880368,0.1139518341342304,0.736518081577802,0.16774803419403309,0.8536435384479371,0.0931593070670253,0.6041310742600913,0.04583111274421186,0.4208212066477806,0.13867286961838055,0.6745031908127632,0.04417054074420737
DN7A_SACS2_Tsuboyama_2023_1JIC,score,facebook/esm2_t33_650M_UR50D,GaussianProcessRegressor,90,0.5418620577520262,0.10186760247495014,0.7329093500803736,0.07231061330423093,0.524132602875244,0.05700413663307496,0.5655293250561948,0.1090634275123059,0.6964778745196145,0.16258005264448225,0.8298717090806148,0.09304014060389884,0.5881108570348861,0.05334058018881979,0.4524050759318429,0.13451638859673265,0.6931429133716535,0.039748803603714467
DN7A_SACS2_Tsuboyama_2023_1JIC,score,facebook/esm2_t33_650M_UR50D,GaussianProcessRegressor,100,0.5016478502307155,0.09216625731902377,0.7054156882070596,0.0669706159618273,0.5055634785867698,0.047713325852974595,0.5949665989008943,0.1017860639603664,0.5851069416571522,0.11807494234660625,0.7613619379424724,0.07770986716723802,0.5435279383658144,0.047679088161026145,0.5432670900556362,0.08221921022804554,0.7283875631502525,0.03204108675502927
EC,score,facebook/esm2_t33_650M_UR50D,GaussianProcessRegressor,20,0.5772947231274356,0.22499776408783606,0.7473920961592093,0.14414413205838586,0.6061203899166036,0.13285359023094526,-0.02666864411459478,0.15975019661774842,0.7178339129800779,0.15352873464617817,0.8433062892597342,0.08607758435179007,0.666160178220578,0.060173054402401616,-0.12780853224775918,0.20790817065611097,0.1580404089600902,0.13863755553334098
EC,score,facebook/esm2_t33_650M_UR50D,GaussianProcessRegressor,30,0.5077482140037562,0.1829700849931559,0.7023346507357283,0.12681680741955065,0.574339827033807,0.10480452190798477,0.12315324825559289,0.14932219770804722,0.6251258778224057,0.05040181221053182,0.7900714029496363,0.031851322379646996,0.6247101841961745,0.023972101325778462,0.012992319187580153,0.08570622797856227,0.3116469331975764,0.059568436855838985
EC,score,facebook/esm2_t33_650M_UR50D,GaussianProcessRegressor,40,0.5512863949561408,0.1751002971696829,0.7340769238973703,0.11746141095656043,0.5936075482532785,0.0841164285118454,0.12409276340340152,0.12723008124929241,0.5908280172519595,0.04081847393505502,0.768246834936191,0.02634847375897282,0.6068181821566031,0.023437003428396525,0.06649990558543947,0.07867622867579761,0.3389402155146663,0.07136734700376697
EC,score,facebook/esm2_t33_650M_UR50D,GaussianProcessRegressor,50,0.5310951217890787,0.12506494453389766,0.7243213827756805,0.0846801579999371,0.5850859444865917,0.06760428525942708,0.16193422676304164,0.1085481285815484,0.5790083721120259,0.04914534386796114,0.7603222986905417,0.031943947887175465,0.5967227589264205,0.015825271974449093,0.08585223949271453,0.07978135433911206,0.37709311252898536,0.07009427881993348
EC,score,facebook/esm2_t33_650M_UR50D,GaussianProcessRegressor,60,0.5773427949984942,0.13627334905216543,0.7547599802288536,0.09237704887780288,0.6036230578230692,0.0724830862277162,0.13644056778788993,0.08148946656107137,0.5568565910450902,0.039260451773011476,0.7458327645613578,0.02560551919351138,0.5881264227313869,0.013725591107135691,0.1212992648322685,0.0574759550127764,0.4101989414012911,0.05772126567343148
EC,score,facebook/esm2_t33_650M_UR50D,GaussianProcessRegressor,70,0.5696050817625002,0.09888064590792976,0.7521595790652653,0.06549851043991635,0.5974276731088501,0.0455870918286379,0.1416287378544748,0.07542822597593567,0.5363432315682293,0.021541063975142632,0.7322237085340791,0.014593462342550318,0.5779300552506708,0.014509510676290253,0.15264077306545457,0.05275987816434865,0.4223846753951196,0.05655955895085534
EC,score,facebook/esm2_t33_650M_UR50D,GaussianProcessRegressor,80,0.5701746098270462,0.07802287262969723,0.7535073149612792,0.05165415038600205,0.5976333050566343,0.0437775947503422,0.17498901596635405,0.07960606831986534,0.5175867480458951,0.029495398354618275,0.7191735221105222,0.020444861920169786,0.5673320214575017,0.016328414332434794,0.18288380842194418,0.05136492152195966,0.4508362589194169,0.056180438782283564
EC,score,facebook/esm2_t33_650M_UR50D,GaussianProcessRegressor,90,0.5574672558356077,0.08533339240441168,0.7445695283211348,0.05853273852441361,0.5877725747339608,0.04596106617721571,0.1837514692324109,0.0727769861788582,0.5072521304420765,0.03047942118348103,0.711932447855599,0.021195390809519137,0.5596996135193046,0.018071818546760196,0.19900403946498021,0.055792644647192975,0.45784949101812805,0.0634655483536598
EC,score,facebook/esm2_t33_650M_UR50D,GaussianProcessRegressor,100,0.5380020686944963,0.07552261110906575,0.7318191749217406,0.05209781304174298,0.5789976752210365,0.03829437447593451,0.1910615748189362,0.05860164088644683,0.5051692197347901,0.03129994733642013,0.7104516784891088,0.02179786602190725,0.5600464903659714,0.017783432062336214,0.20237373530012054,0.05541662459419443,0.4599566016135489,0.06738234165864752
ENVZ_ECOLI_Ghose_2023,score,facebook/esm2_t33_650M_UR50D,GaussianProcessRegressor,20,1.0620416750428858,0.5715385937311878,0.9900484797135001,0.30156201289632173,0.7832662462087979,0.3202809332174959,-0.0760980582917971,0.15614346168545148,1.4705136490519921,0.18675924149935474,1.210487901125851,0.07625024794075667,0.9350811316197133,0.11903844574436108,-0.13839032646042454,0.1272588918688228,0.09792324857454772,0.1512885354679433
ENVZ_ECOLI_Ghose_2023,score,facebook/esm2_t33_650M_UR50D,GaussianProcessRegressor,30,1.1711504747646138,0.439134916899141,1.066285512753371,0.1948950716465263,0.8796254620379319,0.2584624804554218,-0.0025529823694743297,0.0871651740155192,1.3844417350758154,0.1561331594090676,1.1748979479596917,0.06713623757306876,0.9414107888193879,0.10694678746536591,-0.07283271423367577,0.11474937232597482,0.11939417136665281,0.08109119187164682
ENVZ_ECOLI_Ghose_2023,score,facebook/esm2_t33_650M_UR50D,GaussianProcessRegressor,40,1.2286661263889902,0.35970759856455836,1.0983122954606066,0.1576783929009482,0.9239638827501778,0.20236056598029775,0.032426828962319555,0.1289731186900352,1.2670504990495735,0.09485408835262445,1.1249199315718208,0.04223803712325948,0.9292781394990097,0.10284529908966294,0.01786356911457673,0.06816284096239551,0.1590386400792057,0.08544302083951036
ENVZ_ECOLI_Ghose_2023,score,facebook/esm2_t33_650M_UR50D,GaussianProcessRegressor,50,1.1398891210274797,0.29699758181162156,1.0599684238523082,0.13480875945630547,0.8802588362825325,0.16749102494708343,0.05952016542330957,0.10845729570784579,1.2349480203326888,0.07485248282139405,1.1108089666187855,0.03418024140079004,0.901463107343675,0.0787359600869172,0.04245597580017747,0.05745489608154016,0.1924884956444204,0.09930023909588559
ENVZ_ECOLI_Ghose_2023,score,facebook/esm2_t33_650M_UR50D,GaussianProcessRegressor,60,1.1350548408541843,0.2511039219929379,1.059679302600054,0.11611592146188028,0.8746482198110265,0.12824522872724833,0.08508929975826607,0.1312195947510547,1.1986845242488249,0.08392917042274889,1.0942466168531264,0.03813522364650007,0.8845591548179547,0.07817074323696892,0.07071452458840814,0.06197617742156786,0.22050985570126871,0.09431431658253751
ENVZ_ECOLI_Ghose_2023,score,facebook/esm2_t33_650M_UR50D,GaussianProcessRegressor,70,1.0881194423439797,0.21972830444056468,1.0385830256596322,0.10254939815448823,0.8509220628391991,0.11881869684733916,0.12387035791983367,0.14278621646623288,1.1636668340943648,0.07174329455334655,1.0782805565496187,0.03296252858102418,0.8779024953352457,0.06677738256992749,0.09725399826308989,0.06282109105308116,0.21789575392197108,0.10813078406157567
ENVZ_ECOLI_Ghose_2023,score,facebook/esm2_t33_650M_UR50D,GaussianProcessRegressor,80,1.0478735228617748,0.20181384781351258,1.019515403926515,0.09696427760509178,0.8319216911473444,0.1032003900133617,0.14964914639086918,0.13501562404493023,1.1505410628205814,0.07642594169943236,1.0721109501750417,0.035263662999862014,0.8695173623797345,0.06056544398287941,0.10789919638507024,0.05846255648367039,0.22404877939734807,0.09519018286137328
ENVZ_ECOLI_Ghose_2023,score,facebook/esm2_t33_650M_UR50D,GaussianProcessRegressor,90,1.0056420016284275,0.20082349567646385,0.9983687974650163,0.09945264577612846,0.8101475058342311,0.10647486142657474,0.17683327194031145,0.14963060217605065,1.155037749349065,0.10097807043848274,1.0738270946019908,0.04634556490481574,0.8670461482954976,0.07090076701501444,0.10477818042965889,0.07210232727244142,0.22095558405741178,0.10524788748251462
ENVZ_ECOLI_Ghose_2023,score,facebook/esm2_t33_650M_UR50D,GaussianProcessRegressor,100,1.030521614584296,0.1863923145787519,1.0114454904474717,0.09128486814953184,0.826279884194078,0.10430793215273744,0.16974225639236878,0.13916514795064003,1.129573477111002,0.07997360894867764,1.0622226740806,0.03736409119969683,0.8630664627655861,0.053321738725409136,0.1242198127018983,0.060491759646337885,0.25062799639528716,0.07229572823493462
FKBP3_HUMAN_Tsuboyama_2023_2KFV,score,facebook/esm2_t33_650M_UR50D,GaussianProcessRegressor,20,0.6551105401323954,0.24506653839704215,0.7964777767433973,0.15178087746005717,0.5919391737407315,0.08994105480523744,0.09926699888599647,0.25312728459662165,0.773785762456628,0.0915941969304745,0.8783105966678756,0.05116702755082587,0.6572218376195978,0.04269799817663006,-0.12734777482643747,0.14831862842075583,0.18746240366597478,0.1218721964078942
FKBP3_HUMAN_Tsuboyama_2023_2KFV,score,facebook/esm2_t33_650M_UR50D,GaussianProcessRegressor,30,0.650629751166083,0.2466773088814418,0.7936007912896317,0.15212398171138572,0.5858945084949554,0.11240944768634939,0.14973868190110023,0.2376808478463595,0.7398899170680291,0.1520276136091939,0.8566460367325419,0.0819721146248149,0.6378254184967141,0.05899773737549795,-0.07169100398537945,0.1872375529974302,0.21152639268257137,0.09560210277208807
FKBP3_HUMAN_Tsuboyama_2023_2KFV,score,facebook/esm2_t33_650M_UR50D,GaussianProcessRegressor,40,0.6547139722353343,0.22882386185326833,0.7976682217146683,0.14313699848549558,0.6126928491937117,0.10838093220433033,0.11494298922894415,0.1863143193831372,0.8094195564128354,0.20333543442860808,0.8938687261996225,0.10759108149273956,0.6670177927644025,0.06839868636358411,-0.17320080233510632,0.27259686931641663,0.24345197190196682,0.090591180975945
FKBP3_HUMAN_Tsuboyama_2023_2KFV,score,facebook/esm2_t33_650M_UR50D,GaussianProcessRegressor,50,0.6326118541578671,0.2263335279512526,0.7826942020650047,0.14907731108273467,0.5812508605356959,0.10623238422237662,0.1296767463217718,0.2043413222051962,0.7542823546428934,0.20821862796909538,0.8617879024264525,0.1135486477942308,0.6422165363855818,0.07874053869605686,-0.09100324810120763,0.27421962081426,0.24501753843454174,0.08094935919412789
FKBP3_HUMAN_Tsuboyama_2023_2KFV,score,facebook/esm2_t33_650M_UR50D,GaussianProcessRegressor,60,0.6337736503092815,0.23553208070075043,0.7833404801494059,0.14963415559505147,0.5828025051121892,0.11558339257620653,0.12605565638653587,0.15878554353320387,0.7609213585172536,0.24079435528345117,0.8641872589623754,0.12517427834978284,0.647948184643381,0.07736698536784728,-0.10057587968553176,0.31930894984271774,0.23610524159115512,0.11023321956164137
FKBP3_HUMAN_Tsuboyama_2023_2KFV,score,facebook/esm2_t33_650M_UR50D,GaussianProcessRegressor,70,0.6634581145519587,0.20017800693351787,0.8058436850126967,0.12505141110366708,0.5938391314969541,0.10274389714305997,0.0897645488851151,0.13082418270900678,0.6753423353769621,0.057422032212551426,0.8210973184461213,0.035614120444799405,0.6198655920116539,0.03520889923239088,0.017805090124714314,0.07681432250319045,0.24917652989313263,0.11232323343891965
FKBP3_HUMAN_Tsuboyama_2023_2KFV,score,facebook/esm2_t33_650M_UR50D,GaussianProcessRegressor,80,0.6452053937883167,0.16072504500549722,0.7975836926494452,0.1003640429635591,0.5838874374553271,0.09172310462063317,0.09321902977271043,0.12321837114805886,0.6435559114378606,0.08399267017726841,0.8006217653903768,0.05334062680397649,0.6016516434067672,0.05454779449168071,0.06844255878690161,0.07112988850082788,0.2849674014463528,0.08576276410026457
FKBP3_HUMAN_Tsuboyama_2023_2KFV,score,facebook/esm2_t33_650M_UR50D,GaussianProcessRegressor,90,0.6501386917600309,0.13359376241940993,0.8023767174040153,0.08386692586067553,0.5863956646073594,0.07905619278509599,0.11229349158253517,0.10916708830111702,0.6397650726528479,0.1186385317422801,0.7969457705545989,0.0718216266407005,0.5969988257822741,0.057215766050453795,0.0734205354393132,0.1407973965265209,0.3624654146616586,0.04855724110224324
FKBP3_HUMAN_Tsuboyama_2023_2KFV,score,facebook/esm2_t33_650M_UR50D,GaussianProcessRegressor,100,0.6538442466149226,0.12935020301537034,0.8048863266317742,0.08166495111212717,0.591062026496424,0.07966873438120248,0.12380523347700152,0.09556772778052962,0.6067831534378809,0.09438138024785568,0.7768501783226374,0.06043319431834922,0.5806811494487695,0.053257766787431396,0.11841881963377913,0.13254329790602923,0.352534787991449,0.11758641103872502
MAFG_MOUSE_Tsuboyama_2023_1K1V,score,facebook/esm2_t33_650M_UR50D,GaussianProcessRegressor,20,0.3348028669880076,0.13555092184325648,0.5670337367411421,0.12145236096412808,0.4471950715366552,0.09417543286520243,0.39734962712961297,0.22781236204606958,0.4508891457066969,0.17763727070278967,0.6600023384832553,0.1303246327161157,0.513162370225835,0.09792512301820569,0.24688556061684555,0.3028792262487898,0.6484840435361742,0.116883379230065
MAFG_MOUSE_Tsuboyama_2023_1K1V,score,facebook/esm2_t33_650M_UR50D,GaussianProcessRegressor,30,0.28743023044401067,0.09650196897727917,0.5294270694778239,0.0890518484937226,0.4050893608665357,0.07809326530732638,0.5001643231130386,0.1401558491061068,0.29676324015204564,0.06224518353159345,0.5421053823979678,0.05661757213679629,0.4217334203642653,0.04602009135789836,0.5053733240995028,0.10304202576167829,0.7276738674954699,0.07102034430783961
MAFG_MOUSE_Tsuboyama_2023_1K1V,score,facebook/esm2_t33_650M_UR50D,GaussianProcessRegressor,40,0.24363258021295803,0.05929164191108539,0.4898800397191324,0.06368435092739577,0.37759820667831645,0.05928947716516211,0.5600335308183243,0.10006661499143142,0.27680512676286473,0.05086668282334172,0.5241388033175964,0.04811608208469193,0.4088832326307267,0.035898736988662215,0.5387801860528901,0.08315492550142216,0.7560778179112716,0.05553652987615622
MAFG_MOUSE_Tsuboyama_2023_1K1V,score,facebook/esm2_t33_650M_UR50D,GaussianProcessRegressor,50,0.2193217045665663,0.036054705776001644,0.4668406367556549,0.039179422605652006,0.3555077260976089,0.025282338247005137,0.610539420496589,0.07875634737005949,0.2391897645329228,0.043574383120183295,0.4873541616981495,0.043149425236507666,0.37645353424660427,0.03650892214217091,0.6018158706948601,0.0661649085031569,0.7817005796023183,0.045054868759474835
MAFG_MOUSE_Tsuboyama_2023_1K1V,score,facebook/esm2_t33_650M_UR50D,GaussianProcessRegressor,60,0.1981606489161069,0.0184140313288914,0.44472666775226743,0.020516657353673872,0.33825589001286044,0.018392917291714956,0.6418535930671078,0.05158244406215195,0.22234329542230213,0.03218779424959523,0.47051254940763954,0.03268088588874165,0.36063771187318305,0.022930615053092525,0.6305396969652821,0.04230273264536208,0.7987689102756411,0.030160047225743686
MAFG_MOUSE_Tsuboyama_2023_1K1V,score,facebook/esm2_t33_650M_UR50D,GaussianProcessRegressor,70,0.18768804724765256,0.024118411317480867,0.4323340995266209,0.029349874770856682,0.3312500697289264,0.02747928360984011,0.6535539388331852,0.06702520525654396,0.1969109958348338,0.03168065209478746,0.4424734558974688,0.03540616175163284,0.33576278639391927,0.03072982704575126,0.6722511982138958,0.0483631660562511,0.8240612674450698,0.029161399943387987
MAFG_MOUSE_Tsuboyama_2023_1K1V,score,facebook/esm2_t33_650M_UR50D,GaussianProcessRegressor,80,0.1735038904334804,0.020973018734253984,0.4158406501550891,0.025395627621770125,0.31423130282724376,0.029302944532119183,0.6912404973171369,0.04330417365129047,0.18683592988752723,0.033150532801408686,0.43076903329010807,0.03762342423179429,0.3242562622418058,0.03345779582516876,0.6886460801289076,0.053395106658205155,0.8304662882651531,0.02976842742663928
MAFG_MOUSE_Tsuboyama_2023_1K1V,score,facebook/esm2_t33_650M_UR50D,GaussianProcessRegressor,90,0.16277078175307058,0.02338533067844037,0.40252963737105063,0.02868744965623419,0.30103412072636093,0.02355709870495044,0.7161699998018893,0.03484999912189007,0.17011852517297724,0.02741071537412338,0.4112552696450756,0.033126497653916405,0.3100025297492534,0.029566534717750635,0.715830768522057,0.048938839849163016,0.8443582446329785,0.03016336942260611
MAFG_MOUSE_Tsuboyama_2023_1K1V,score,facebook/esm2_t33_650M_UR50D,GaussianProcessRegressor,100,0.1700418433323236,0.021535451913402837,0.4116439784444544,0.0256272065227822,0.3010346404046047,0.021859640870204727,0.7062923493601975,0.03970992014563159,0.16011710662462156,0.02620517231067302,0.398977755239623,0.032212100013867755,0.29988437980542815,0.028823124329788757,0.7323703742480021,0.048221716907687485,0.8522240648962596,0.033145069107708314
POLG_PESV_Tsuboyama_2023_2MXD,score,facebook/esm2_t33_650M_UR50D,GaussianProcessRegressor,20,0.8800531636896061,0.39966090780247865,0.9139528536744453,0.22296822132797248,0.7491575524307554,0.19480406480825865,0.20114682859874766,0.2046718496082563,0.956378223122951,0.18391623720161535,0.9741102191014488,0.09121101398575482,0.7772139941107995,0.07522073604571884,0.23834668984053792,0.13327667998348278,0.6562079688318754,0.07426200627035118
POLG_PESV_Tsuboyama_2023_2MXD,score,facebook/esm2_t33_650M_UR50D,GaussianProcessRegressor,30,0.7985175720407245,0.39506413981299976,0.867704956091762,0.22510659503275793,0.6984440121463689,0.2085724208339114,0.3260393757226438,0.19141777026473503,0.7718434319070635,0.20598389679416987,0.8721967586977165,0.11113678271121989,0.6918995818423936,0.08388002814654172,0.38538343445653533,0.15381959100888226,0.7268618770475082,0.07561267611076551
POLG_PESV_Tsuboyama_2023_2MXD,score,facebook/esm2_t33_650M_UR50D,GaussianProcessRegressor,40,0.7122010380084112,0.3067797262761929,0.8242196974946996,0.19108732230218484,0.6498791447058164,0.16442256916687836,0.40755815335047635,0.17461771124711736,0.7131462934903248,0.22323906107673572,0.8365089274025657,0.12201597284387637,0.6519610817940269,0.09691157671284703,0.4319053502095004,0.1688709374052142,0.7471857343429373,0.08801637753747389
POLG_PESV_Tsuboyama_2023_2MXD,score,facebook/esm2_t33_650M_UR50D,GaussianProcessRegressor,50,0.6475587692441299,0.19835934060195945,0.7948485783988476,0.1323904438539483,0.6209510479798179,0.10884006737070315,0.45698718443644537,0.11268404149205244,0.5763537525904135,0.0941077142528527,0.7569441942170284,0.061366290344193,0.5901045015155594,0.05657692796618202,0.5399534695544668,0.07496194917413429,0.795363114252457,0.042337105696092094
POLG_PESV_Tsuboyama_2023_2MXD,score,facebook/esm2_t33_650M_UR50D,GaussianProcessRegressor,60,0.6441319476766246,0.15445859808581788,0.7974042626395634,0.09590730247297782,0.6179812649298881,0.08199713171768773,0.4927604339600995,0.11933973636546666,0.5319719849342731,0.0824150005538599,0.7275096483599313,0.05478946043702391,0.5674186609523435,0.04533405435077713,0.5743092575737394,0.07511721015320771,0.81250333001332,0.0363487037539027
POLG_PESV_Tsuboyama_2023_2MXD,score,facebook/esm2_t33_650M_UR50D,GaussianProcessRegressor,70,0.5734506240606676,0.11057845942097513,0.7540430897961674,0.07355755714115271,0.5847249889642275,0.06570948111765208,0.5452211752755114,0.08888694549073944,0.45737854917731957,0.04921239853018603,0.6754444207333947,0.03579856728120649,0.518784598207229,0.035034937191351145,0.6350563375784821,0.036579609892405704,0.8408759171036684,0.0162677506071151
POLG_PESV_Tsuboyama_2023_2MXD,score,facebook/esm2_t33_650M_UR50D,GaussianProcessRegressor,80,0.5269138940442574,0.08113707167870614,0.7238677944054848,0.05705075972613422,0.5551678151669008,0.05049672185860884,0.5815632372961959,0.054333171640018815,0.4500475580065637,0.07753585700743526,0.6688155873379895,0.055108661754189964,0.509690788202154,0.04620081573627406,0.6410555954118566,0.05876502649683167,0.8426709898839595,0.03291966042340921
POLG_PESV_Tsuboyama_2023_2MXD,score,facebook/esm2_t33_650M_UR50D,GaussianProcessRegressor,90,0.5077328207812064,0.09468674558870005,0.7095822788520417,0.0685225860602805,0.5443534379797885,0.05671903848549183,0.5890649444600965,0.07542735136820551,0.43453704070842025,0.07643062072403871,0.6570842799661655,0.055550674861047714,0.5000410047763171,0.04753528818638205,0.6536952939701725,0.05630176783143354,0.8460608306433226,0.03435126833117023
POLG_PESV_Tsuboyama_2023_2MXD,score,facebook/esm2_t33_650M_UR50D,GaussianProcessRegressor,100,0.4492383996928882,0.05336885290966998,0.6691348590039023,0.040783168624049355,0.5143792653527814,0.032456933824313305,0.631644667570087,0.04515813837241536,0.39692892306588573,0.0398230893066648,0.6293097495680413,0.03159047262308541,0.47528368825893674,0.02714128266311384,0.6833370098621196,0.028911848737772663,0.8622612890451562,0.010321966043840235
SBI_STAAM_Tsuboyama_2023_2JVG,score,facebook/esm2_t33_650M_UR50D,GaussianProcessRegressor,20,0.42350231077814937,0.130367505799916,0.6440645547811321,0.098224007320747,0.5232046392923596,0.08916795072297228,-0.01197763464583021,0.12678552263127046,0.4578830695605632,0.072054810866375,0.6748373031307209,0.05246886763510089,0.54272686044823,0.04703764512705943,0.017202387385002592,0.14718689593462495,0.332777225104395,0.1502074349282981
SBI_STAAM_Tsuboyama_2023_2JVG,score,facebook/esm2_t33_650M_UR50D,GaussianProcessRegressor,30,0.3677073259447167,0.08107507879266,0.6030189858031239,0.06729230355272343,0.48516895701746143,0.06448636511062387,0.1595878738522592,0.13683200236498877,0.4109203610335461,0.04556301598595957,0.6401201589358629,0.036002209152459025,0.5071132035996084,0.024934517953763054,0.11756950934479946,0.09331599246942658,0.41332232537136876,0.14424768281577915
SBI_STAAM_Tsuboyama_2023_2JVG,score,facebook/esm2_t33_650M_UR50D,GaussianProcessRegressor,40,0.31523264201573736,0.06369084229097367,0.558860833156325,0.05683515324120075,0.4472542698157961,0.0618456169811421,0.2934618351334815,0.16560683269107526,0.40352176069182316,0.06703902067741005,0.6332669191799637,0.052649467277462364,0.4981328317319546,0.031893219606087486,0.1330385832731806,0.14411968024982294,0.5140638642554569,0.0631412397694293
SBI_STAAM_Tsuboyama_2023_2JVG,score,facebook/esm2_t33_650M_UR50D,GaussianProcessRegressor,50,0.3012538891397457,0.04015371285090051,0.5477690853612601,0.03655921015184833,0.43264428869525834,0.024231588620832384,0.30185714535350033,0.08913180404133984,0.36937828932255246,0.05607368669104906,0.6062892762898814,0.04461692228097953,0.47524209741899465,0.031718662007340234,0.2069227969937019,0.11469095478871971,0.5311267133068532,0.06898658828438865
SBI_STAAM_Tsuboyama_2023_2JVG,score,facebook/esm2_t33_650M_UR50D,GaussianProcessRegressor,60,0.29006754771891824,0.0411785117204057,0.537349988961998,0.03833387074201394,0.42885273249835265,0.022739227073851256,0.3427653380541017,0.10062997193328772,0.3127753279877254,0.05092512042031234,0.5577064613509461,0.04395491320193889,0.4400949167319716,0.03180627131668992,0.3297731341806694,0.09555589365834563,0.5989854775419101,0.0589265585277244
SBI_STAAM_Tsuboyama_2023_2JVG,score,facebook/esm2_t33_650M_UR50D,GaussianProcessRegressor,70,0.2564320140170685,0.04168970192916016,0.504849267383036,0.04162306038030585,0.3960619020320496,0.03744847900021283,0.4222359079471694,0.07467404016100636,0.3123443316728056,0.06035334435266524,0.5566661504840671,0.0523569859294571,0.43111481339045177,0.030568519147382955,0.3318311136294298,0.10957841745769983,0.6118072696290785,0.058233912359522286
SBI_STAAM_Tsuboyama_2023_2JVG,score,facebook/esm2_t33_650M_UR50D,GaussianProcessRegressor,80,0.2603677537321628,0.04700278395373654,0.5084049061698076,0.045852482237810695,0.39664536570829884,0.03882935946074935,0.4156437722198693,0.08158490765446325,0.27697637798924446,0.02598848904092997,0.5257704376930773,0.02453625067062028,0.4131003312903063,0.019834014032648985,0.40479909081861154,0.05833455148845176,0.6507815343261372,0.033142489969729336
SBI_STAAM_Tsuboyama_2023_2JVG,score,facebook/esm2_t33_650M_UR50D,GaussianProcessRegressor,90,0.2407057471466323,0.05502029531223031,0.4877707947344018,0.055631715083338154,0.3789527920553564,0.04286352595919601,0.4616308999095562,0.10597104429084951,0.26915376969661076,0.06184775647634257,0.5162692755034619,0.053952704264848605,0.40133314275931936,0.035094613161761636,0.4239453824864574,0.11640171456698857,0.6707334381337524,0.05647241800612185
SBI_STAAM_Tsuboyama_2023_2JVG,score,facebook/esm2_t33_650M_UR50D,GaussianProcessRegressor,100,0.23343996351629612,0.05548099070731511,0.4800800808018394,0.05737865973412002,0.3671560343905187,0.04525517612001476,0.4751082877444466,0.10723840357953654,0.275674596448412,0.06081237665895205,0.5225888657500205,0.05349427635550318,0.4024838410566229,0.03650222401327631,0.4088244826428874,0.12106509602553384,0.6704261217044867,0.05108077101820462
SDA_BACSU_Tsuboyama_2023_1PV0,score,facebook/esm2_t33_650M_UR50D,GaussianProcessRegressor,20,0.4049519523703885,0.24871069656243208,0.6121585770412424,0.18322369123023668,0.4736644407694618,0.13094132165654096,0.7003945615764394,0.16180284736606812,0.39021589216143165,0.09002935424027976,0.6212280949721664,0.06905349117157629,0.4712407645878227,0.06730626141279471,0.7253054486979983,0.06847892187172272,0.8483329197316788,0.04059590815611902
SDA_BACSU_Tsuboyama_2023_1PV0,score,facebook/esm2_t33_650M_UR50D,GaussianProcessRegressor,30,0.3513067889922611,0.1650608688513044,0.5773480858987365,0.14132695229827213,0.4268830713156498,0.09138752602997849,0.7527288464641602,0.11528862863698237,0.31475634706172,0.034525689576589795,0.560232379624052,0.03155291644368782,0.405533871522063,0.028340929391307258,0.7789963267814907,0.027319879950701443,0.8837746198984796,0.018277098798959383
SDA_BACSU_Tsuboyama_2023_1PV0,score,facebook/esm2_t33_650M_UR50D,GaussianProcessRegressor,40,0.2685380843795816,0.101406972957939,0.5085797559683927,0.10479989503128621,0.37649712763756715,0.06697295823403421,0.817964430466177,0.0641167025334013,0.29672389407390093,0.046088711560752164,0.5431541199310861,0.04355706443261613,0.389074633944266,0.047647792574790085,0.7913606035696586,0.03634666573418327,0.8921800583202332,0.020398169304043753
SDA_BACSU_Tsuboyama_2023_1PV0,score,facebook/esm2_t33_650M_UR50D,GaussianProcessRegressor,50,0.23598432262902236,0.07501833033018786,0.4798487529128175,0.07978789212681507,0.35397444031657077,0.051684073861615346,0.8370969394085256,0.050599035843023644,0.2732040753666005,0.04424568113910966,0.5211299034056063,0.04252710433834474,0.36550519745796584,0.030255659515031626,0.8079825688305853,0.03430471265756602,0.8996705650822603,0.020055088066047715
SDA_BACSU_Tsuboyama_2023_1PV0,score,facebook/esm2_t33_650M_UR50D,GaussianProcessRegressor,60,0.2285298629979763,0.06609774538527821,0.4736670772915964,0.06806339273886969,0.34603045636768026,0.039797885675921976,0.8427520544362466,0.044857154569902795,0.26617153065845334,0.04433127856228372,0.5143836216161879,0.04191287884102006,0.3619565496506113,0.0246379694397175,0.8130150210862039,0.03348392136831041,0.9048402625610501,0.01736397182581986
SDA_BACSU_Tsuboyama_2023_1PV0,score,facebook/esm2_t33_650M_UR50D,GaussianProcessRegressor,70,0.25085510397161753,0.09667181958655754,0.49354498461685364,0.08986689002919354,0.3379098842833819,0.049575175174860535,0.8242712313684445,0.06126754938013975,0.25424951100451887,0.03951450444120866,0.5029128585852405,0.03841538572182282,0.35300784966731225,0.019834093075082982,0.8214018692712143,0.030483046164169213,0.9084163152652611,0.01807114485491134
SDA_BACSU_Tsuboyama_2023_1PV0,score,facebook/esm2_t33_650M_UR50D,GaussianProcessRegressor,80,0.22261530606205954,0.07047631951615596,0.4667958449629839,0.07239509795677151,0.3314639016379638,0.03794525187374851,0.8459655058957969,0.045750354754103724,0.24300052761645988,0.03866359301352419,0.49162799985699224,0.038041459445556695,0.3425811495983397,0.018468043640310332,0.8292848758535808,0.029474588183173837,0.9129022212088846,0.016987396505698277
SDA_BACSU_Tsuboyama_2023_1PV0,score,facebook/esm2_t33_650M_UR50D,GaussianProcessRegressor,90,0.2057020277184518,0.05767363769550702,0.44956024153291646,0.06322461678911681,0.31530086101417615,0.03166215537924432,0.8580274026225997,0.037531232410189234,0.2259347847791021,0.027332528425703835,0.4745732506807707,0.02818617701775281,0.32671403265398763,0.012487276776447648,0.8413428910778074,0.021737185158707588,0.919397616790467,0.013407016109568405
SDA_BACSU_Tsuboyama_2023_1PV0,score,facebook/esm2_t33_650M_UR50D,GaussianProcessRegressor,100,0.21393774519604664,0.05106233209736786,0.4592045114038889,0.05839484283129286,0.32107716433640077,0.03390890237792266,0.8524761083872056,0.03565525111670711,0.20892161073393084,0.016392197595125654,0.4567593306082885,0.018028515567139563,0.3131355936038059,0.013535835014292046,0.8534121093910558,0.013650675134286347,0.9260069264277057,0.009206514270564166
SOX30_HUMAN_Tsuboyama_2023_7JJK,score,facebook/esm2_t33_650M_UR50D,GaussianProcessRegressor,20,0.5360877072876529,0.20532543708540196,0.7178346171424568,0.1520276645862535,0.548134946432538,0.13203371110076936,0.16381098736610242,0.22431493897669966,0.6364241286680477,0.16535347360800753,0.7919250277049164,0.10153750901139379,0.5578352628264296,0.08645255455011819,0.14921718684163737,0.24056352426460356,0.5194266430399055,0.20259429011509117
SOX30_HUMAN_Tsuboyama_2023_7JJK,score,facebook/esm2_t33_650M_UR50D,GaussianProcessRegressor,30,0.4739041854014652,0.1850473992272064,0.6780820921903645,0.12520588223758708,0.4941437277303883,0.1092786315937286,0.26530100696059067,0.11750379917623749,0.5140754005622015,0.07855767455774912,0.7152237264497934,0.05302433074094489,0.4967277465172725,0.04945013706482076,0.3153458065016256,0.1016185219155713,0.623362634250537,0.06295597275798481
SOX30_HUMAN_Tsuboyama_2023_7JJK,score,facebook/esm2_t33_650M_UR50D,GaussianProcessRegressor,40,0.4340053410553555,0.1847930313686737,0.6463477337279722,0.13432939679951744,0.47232506912038374,0.10295549289727778,0.3678626212959644,0.11088329315834154,0.4884368715651354,0.05355189323426553,0.6979526111823955,0.03799157960524118,0.4942136327735941,0.03351767417011108,0.3495288928563938,0.0672682986694485,0.6471936351745406,0.033563046043426505
SOX30_HUMAN_Tsuboyama_2023_7JJK,score,facebook/esm2_t33_650M_UR50D,GaussianProcessRegressor,50,0.4242475685789094,0.15132616284753087,0.6424921750341837,0.1127995941617665,0.45271465243173914,0.07561800549193184,0.4127042426323982,0.14530294837245855,0.45045195569392893,0.060722551605971405,0.6697701369968531,0.04545961921365763,0.469922606004147,0.033544601289211884,0.40194991488763937,0.06401033918693602,0.6771412813651254,0.037560225161224314
SOX30_HUMAN_Tsuboyama_2023_7JJK,score,facebook/esm2_t33_650M_UR50D,GaussianProcessRegressor,60,0.3786898336218651,0.11459359406622781,0.6090159524158018,0.09303167516102089,0.42307343402767933,0.0648565666659341,0.4887710354193445,0.10959783811920305,0.40976890241951125,0.05630801953089639,0.6387851342228971,0.043747440754943696,0.4414528510458419,0.028027955322678603,0.456015269788259,0.05837996266867616,0.7113052740210961,0.03897451181589878
SOX30_HUMAN_Tsuboyama_2023_7JJK,score,facebook/esm2_t33_650M_UR50D,GaussianProcessRegressor,70,0.35494764130189715,0.08021384249849939,0.5924746006438151,0.06600916513677862,0.4169628232942828,0.04951140434415735,0.5179751556709542,0.09111974789410546,0.3853922608070272,0.05437379097937427,0.6193836873693609,0.04417274961583532,0.43143473126552523,0.03303015785050864,0.48816417798964906,0.06019185231234604,0.7191412861651446,0.04224009062459169
SOX30_HUMAN_Tsuboyama_2023_7JJK,score,facebook/esm2_t33_650M_UR50D,GaussianProcessRegressor,80,0.34088829919226943,0.06966125034283173,0.5812881311710127,0.05766192419787213,0.4239260288615614,0.03727217584178014,0.5279874349275572,0.07699729260409957,0.3897286406710644,0.05604805577043595,0.6227740248647736,0.04571839679305828,0.4384056687453337,0.031201143863444605,0.4826697459840076,0.0605227833870005,0.7206002328009312,0.03933708029005041
SOX30_HUMAN_Tsuboyama_2023_7JJK,score,facebook/esm2_t33_650M_UR50D,GaussianProcessRegressor,90,0.2999879435990378,0.04395302509868694,0.5464493225448182,0.039173141157730684,0.3933987815472821,0.02411058018624126,0.5687742575167827,0.08528930196753078,0.37513477210579327,0.05299364479311807,0.6111111183739232,0.043178867073373706,0.42500188265587147,0.030375744057530088,0.5018550689933948,0.05789275332066569,0.7352751107004428,0.04567657535018931
SOX30_HUMAN_Tsuboyama_2023_7JJK,score,facebook/esm2_t33_650M_UR50D,GaussianProcessRegressor,100,0.28692191821226265,0.0534657093133573,0.533680469057471,0.048385892788663044,0.3785410744939726,0.04305405103625019,0.5945606496593083,0.08935816294245594,0.3537411872610194,0.03798285659678855,0.5939436582537309,0.032865349554317316,0.41364351532818866,0.023548676313840597,0.5293694977661456,0.04533876636321643,0.7482562922251688,0.03780162829526411
YNZC_BACSU_Tsuboyama_2023_2JVD,score,facebook/esm2_t33_650M_UR50D,GaussianProcessRegressor,20,0.36510536297999696,0.1924071343534669,0.5867855891998253,0.15197965977726127,0.4728757436335336,0.11427083468427286,0.5015990456698068,0.347376267086875,0.39195695536061825,0.14124486002613568,0.6189183741982457,0.09942613919900872,0.48088243125611063,0.07832477583558572,0.4881038059186028,0.18616353605749789,0.6312146852135113,0.1835788021387105
YNZC_BACSU_Tsuboyama_2023_2JVD,score,facebook/esm2_t33_650M_UR50D,GaussianProcessRegressor,30,0.3166281598009183,0.10257142021804257,0.5550701217452619,0.09732716730822237,0.4343404543720335,0.07888624507862406,0.5449360489096571,0.2780395859252709,0.3375412550453637,0.15390219427085688,0.5713227721998994,0.11121323368089671,0.4403687212588031,0.0918766304259354,0.5585183393782701,0.20373990864369942,0.7334534618138472,0.05094353153107516
YNZC_BACSU_Tsuboyama_2023_2JVD,score,facebook/esm2_t33_650M_UR50D,GaussianProcessRegressor,40,0.26486791391722,0.08248353761092488,0.5090389979948662,0.07991114814177241,0.39273445168279125,0.05936496043676725,0.6210770469434946,0.21037212979400036,0.276062274556472,0.05894717995482668,0.5227280510081258,0.055952948941431435,0.402168253432967,0.05059375388671373,0.6382894623059077,0.08428505974292931,0.7570611210444842,0.045549437984186966
YNZC_BACSU_Tsuboyama_2023_2JVD,score,facebook/esm2_t33_650M_UR50D,GaussianProcessRegressor,50,0.22203845886728044,0.05589482441633085,0.46810502269567184,0.05692242864309151,0.3535058566291155,0.041007030491784516,0.6781173739288497,0.15601319310148512,0.24405768523556057,0.04549451657492441,0.49210144223527336,0.04587247765423616,0.3756775916861081,0.04252127917657637,0.6810260746026974,0.06094048564652977,0.7635224748898995,0.04824211912774913
YNZC_BACSU_Tsuboyama_2023_2JVD,score,facebook/esm2_t33_650M_UR50D,GaussianProcessRegressor,60,0.21590843875074617,0.05079405808798519,0.461738133967295,0.054836467905810794,0.3501119334317767,0.039816834114642236,0.6928565917820337,0.12449880131741557,0.21764795004459508,0.0341683490100435,0.4652051984312659,0.036999600555226116,0.3499648136909634,0.0344859091808903,0.7154853306369693,0.0470385336343404,0.7818478441913767,0.03967229732244063
YNZC_BACSU_Tsuboyama_2023_2JVD,score,facebook/esm2_t33_650M_UR50D,GaussianProcessRegressor,70,0.19450881101117945,0.04494592318563914,0.43842329679581854,0.050484583321875505,0.3361522440386978,0.03329184601538481,0.7279239999617424,0.11059438977733486,0.205103785692173,0.030777298814791985,0.4517212284151634,0.034184426136746084,0.3393215275896182,0.030389575926624734,0.7319730359562577,0.04226013964647433,0.7933740342961372,0.036131942923377645
YNZC_BACSU_Tsuboyama_2023_2JVD,score,facebook/esm2_t33_650M_UR50D,GaussianProcessRegressor,80,0.19873926001569536,0.037071456354777044,0.44399096813677746,0.042312071152101935,0.3361555734069044,0.024859148067505447,0.7270160325567081,0.08647530940356875,0.19528279215112931,0.02798068107303504,0.44085347952339793,0.03216281053297924,0.3305393851138238,0.02708127890416595,0.7449637220555124,0.03757906705238152,0.7992714146856588,0.02919175442248813
YNZC_BACSU_Tsuboyama_2023_2JVD,score,facebook/esm2_t33_650M_UR50D,GaussianProcessRegressor,90,0.17806059346002473,0.04297937851363501,0.4191472109577067,0.051383190143605234,0.31880187855035036,0.029603952959877843,0.7559391089275647,0.09195409995716197,0.18730755492501547,0.02352359153053294,0.43199429826698,0.027658255545436737,0.3204726954059822,0.02431761395414076,0.7554793809009778,0.03099565996993937,0.8081145956583826,0.02474988544798922
YNZC_BACSU_Tsuboyama_2023_2JVD,score,facebook/esm2_t33_650M_UR50D,GaussianProcessRegressor,100,0.177912733472141,0.03557880188162927,0.4196557386584767,0.044743646142954334,0.3162465034495975,0.027498675837398887,0.7581077107140995,0.06883807434730513,0.18252791284268513,0.023073164771947034,0.42647302465951054,0.026846727101448486,0.31615588993484567,0.021319172487798962,0.761708100965208,0.03045824343441247,0.8112618146472584,0.024475682286775425
