Dataset,Label,Baseline,Foundation,Model,Train Size,CV MSE Mean,CV MSE Std,Test MSE Mean,Test MSE Std,Test RMSE Mean,Test RMSE Std,Test MAE Mean,Test MAE Std,Test R2 Mean,Test R2 Std,Test Spearman Correlation Mean,Test Spearman Correlation Std,Top 20 Accuracy Mean,Top 20 Accuracy Std,Foundation Simple,Model Label
MAFG_MOUSE_Tsuboyama_2023_1K1V_indels,score,False,facebook/esm2_t33_650M_UR50D,GPR,20,0.2876718087170962,0.0962047043584021,0.3704875633272935,0.2412907797021685,0.5879191149922801,0.1661280548719632,0.4662949213350547,0.1306160396018157,0.2677787472193708,0.3453766441139449,0.6221052631578947,0.1373471085963311,100.0,0.0, + ESM2 (SCARSE),GPR + ESM2 (SCARSE)
MAFG_MOUSE_Tsuboyama_2023_1K1V_indels,score,True,facebook/esm2_t33_650M_UR50D,GPR,20,0.4412575012697227,0.1240052456505305,0.5534379626979539,0.1227645902331541,0.7394798527525617,0.0856835915252782,0.6029615244636248,0.0586792150967284,-0.1430309109674657,0.2403934668013229,0.0167835805007951,0.0279888410412037,100.0,0.0, + Descriptors (Baseline),GPR + Descriptors (Baseline)
MAFG_MOUSE_Tsuboyama_2023_1K1V_indels,score,False,facebook/esm2_t33_650M_UR50D,GPR,40,0.19532872524557,0.0564142569821891,0.3092530314000929,0.1358518386880998,0.5451895551661452,0.1155728742580177,0.4213626380438551,0.0939388522632962,0.362271557200319,0.2761754122363778,0.7109774436090225,0.1129851691903944,100.0,0.0, + ESM2 (SCARSE),GPR + ESM2 (SCARSE)
MAFG_MOUSE_Tsuboyama_2023_1K1V_indels,score,True,facebook/esm2_t33_650M_UR50D,GPR,40,0.4090748725522631,0.0874600988188561,0.5489166739524624,0.1797999039740177,0.7308155196498334,0.1283456712311907,0.5798650737571087,0.0765970217833851,-0.0878554330172946,0.1534272402978456,0.1040624875622037,0.0785966832343202,100.0,0.0, + Descriptors (Baseline),GPR + Descriptors (Baseline)
MAFG_MOUSE_Tsuboyama_2023_1K1V_indels,score,False,facebook/esm2_t33_650M_UR50D,GPR,60,0.1632001587853748,0.0432040608657983,0.2447229912467267,0.0696892156301573,0.4892199511183893,0.0773651563434905,0.3777854892274593,0.0629818173386136,0.5060886184838054,0.0964785432815114,0.7169924812030075,0.1078330522660389,100.0,0.0, + ESM2 (SCARSE),GPR + ESM2 (SCARSE)
MAFG_MOUSE_Tsuboyama_2023_1K1V_indels,score,True,facebook/esm2_t33_650M_UR50D,GPR,60,0.3640896795698128,0.0765931271308813,0.5564552843365832,0.1987088041214202,0.7345964060226435,0.1367211460325102,0.5884279386115475,0.0838539257768108,-0.1047674253215679,0.222896102524839,0.3142857142857142,0.2163689790110801,100.0,0.0, + Descriptors (Baseline),GPR + Descriptors (Baseline)
MAFG_MOUSE_Tsuboyama_2023_1K1V_indels,score,False,facebook/esm2_t33_650M_UR50D,GPR,80,0.1416440709505618,0.0188707663552248,0.1937481599136026,0.0538805778240078,0.4352696917592774,0.0690286200659334,0.3302663535042991,0.0583214668681391,0.6087956324046229,0.0823380655230104,0.7974436090225564,0.0728251975628393,100.0,0.0, + ESM2 (SCARSE),GPR + ESM2 (SCARSE)
MAFG_MOUSE_Tsuboyama_2023_1K1V_indels,score,True,facebook/esm2_t33_650M_UR50D,GPR,80,0.3688789833751361,0.0434478859061349,0.5467850344651533,0.1651990273908062,0.7308384575427478,0.1186038384318444,0.5837823123650681,0.073826049600769,-0.0904363800380104,0.1290157734654252,0.2216819043694776,0.2846319127944156,100.0,0.0, + Descriptors (Baseline),GPR + Descriptors (Baseline)
PIN1_HUMAN_Tsuboyama_2023_1I6C_indels,score,False,facebook/esm2_t33_650M_UR50D,GPR,20,0.2046317200579611,0.0681597609626757,0.2378107754494399,0.0925812975027743,0.4787909313157251,0.0975819856967041,0.3417119299077116,0.0742648985771102,0.721289506785594,0.0960360867202817,0.7957894736842105,0.0769674144658291,100.0,0.0, + ESM2 (SCARSE),GPR + ESM2 (SCARSE)
PIN1_HUMAN_Tsuboyama_2023_1I6C_indels,score,True,facebook/esm2_t33_650M_UR50D,GPR,20,0.7867085643310049,0.2306735336423176,1.0097287149064311,0.346230509710993,0.9905960583749028,0.177789401129343,0.8474682792272505,0.1481665364168396,-0.1543030461469916,0.1940406674370018,-0.3834586466165413,0.204804080532021,100.0,0.0, + Descriptors (Baseline),GPR + Descriptors (Baseline)
PIN1_HUMAN_Tsuboyama_2023_1I6C_indels,score,False,facebook/esm2_t33_650M_UR50D,GPR,40,0.1502108922548573,0.0604691942741657,0.1795210091320657,0.0660485139706378,0.4150973699897879,0.089536972869851,0.2850668614728558,0.0605978664722028,0.7922473471894496,0.0702124528897847,0.8493233082706766,0.0663958923428949,100.0,0.0, + ESM2 (SCARSE),GPR + ESM2 (SCARSE)
PIN1_HUMAN_Tsuboyama_2023_1I6C_indels,score,True,facebook/esm2_t33_650M_UR50D,GPR,40,0.8335743875842114,0.125569487254631,0.9671642679728846,0.3015762944671736,0.9716725072741929,0.1599194470154978,0.8242761530879736,0.1446509197800474,-0.1178404848433037,0.2194261026995387,-0.2020468700447471,0.1145392550458308,100.0,0.0, + Descriptors (Baseline),GPR + Descriptors (Baseline)
PIN1_HUMAN_Tsuboyama_2023_1I6C_indels,score,False,facebook/esm2_t33_650M_UR50D,GPR,60,0.1578023205399047,0.0332712915803259,0.1456656191311621,0.0646381624616188,0.3735968697721784,0.082266491272045,0.2761380619651842,0.0593719261572222,0.8162773870815482,0.1168726396541563,0.844812030075188,0.0813723905607158,100.0,0.0, + ESM2 (SCARSE),GPR + ESM2 (SCARSE)
PIN1_HUMAN_Tsuboyama_2023_1I6C_indels,score,True,facebook/esm2_t33_650M_UR50D,GPR,60,0.848029557764985,0.127295034924058,1.0107103454939317,0.3405232465052393,0.9922336645151436,0.1705634469658385,0.8419458837319634,0.1389797325853108,-0.1774343996962491,0.3244846070005339,-0.0882205513784461,0.2042586527571061,100.0,0.0, + Descriptors (Baseline),GPR + Descriptors (Baseline)
PIN1_HUMAN_Tsuboyama_2023_1I6C_indels,score,False,facebook/esm2_t33_650M_UR50D,GPR,80,0.1612263426862004,0.0272521078105023,0.1232929089813712,0.053664562080876,0.3438974516523425,0.074739932271816,0.2500949279088243,0.0482271998308902,0.8374345158167037,0.1379501740240505,0.853533834586466,0.086393707608641,100.0,0.0, + ESM2 (SCARSE),GPR + ESM2 (SCARSE)
PIN1_HUMAN_Tsuboyama_2023_1I6C_indels,score,True,facebook/esm2_t33_650M_UR50D,GPR,80,0.85085661699787,0.0710772190605253,0.9728669367738836,0.2971330714383973,0.9754322745214526,0.1541961758993645,0.818585565056608,0.112785910019015,-0.1313239196586982,0.2358544114435225,0.007750474549444,0.1377157795776298,100.0,0.0, + Descriptors (Baseline),GPR + Descriptors (Baseline)
PKN1_HUMAN_Tsuboyama_2023_1URF_indels,score,False,facebook/esm2_t33_650M_UR50D,GPR,20,0.3111141052111647,0.0851350010494255,0.2523686124848695,0.0861816313397764,0.4951583476536376,0.0893608367723489,0.385444579257431,0.0629185710258586,0.7886842459327446,0.0975241496890756,0.8625563909774436,0.0562217455066087,100.0,0.0, + ESM2 (SCARSE),GPR + ESM2 (SCARSE)
PKN1_HUMAN_Tsuboyama_2023_1URF_indels,score,True,facebook/esm2_t33_650M_UR50D,GPR,20,1.5209614840769483,0.1586538907322549,1.357520980027412,0.1795433017276697,1.1626017092451408,0.0808169790169865,1.0571829850715162,0.1183358951172699,-0.0903826271304103,0.1435661767026,,,100.0,0.0, + Descriptors (Baseline),GPR + Descriptors (Baseline)
PKN1_HUMAN_Tsuboyama_2023_1URF_indels,score,False,facebook/esm2_t33_650M_UR50D,GPR,40,0.2270005668043557,0.0631867102098671,0.2238291346884659,0.1611447582610304,0.4494742088086423,0.1556422903980323,0.3482874096437988,0.1084084800806883,0.8039451217410137,0.1710720982214623,0.854736842105263,0.0603138963625637,100.0,0.0, + ESM2 (SCARSE),GPR + ESM2 (SCARSE)
PKN1_HUMAN_Tsuboyama_2023_1URF_indels,score,True,facebook/esm2_t33_650M_UR50D,GPR,40,1.40701998801883,0.1141395708482788,1.3737778102062308,0.181856615526833,1.1697438826203808,0.0780103930285917,1.0677099009531743,0.0933982488357638,-0.1152404754830389,0.2427988678928555,0.0511278195488721,0.162368880930549,100.0,0.0, + Descriptors (Baseline),GPR + Descriptors (Baseline)
PKN1_HUMAN_Tsuboyama_2023_1URF_indels,score,False,facebook/esm2_t33_650M_UR50D,GPR,60,0.1675654033402192,0.0533463293761457,0.1975050123880415,0.116332852254787,0.4287050274002319,0.1234549484621277,0.3209512546822733,0.0775807180576366,0.8323271939341111,0.1160886980883994,0.8688721804511278,0.0545965685421233,100.0,0.0, + ESM2 (SCARSE),GPR + ESM2 (SCARSE)
PKN1_HUMAN_Tsuboyama_2023_1URF_indels,score,True,facebook/esm2_t33_650M_UR50D,GPR,60,1.3586437652663883,0.1174896243984868,1.3553525447801615,0.2154975927339544,1.1607571196154831,0.0942541130380336,1.056170917561137,0.1348047533502529,-0.0803220647890377,0.0774476719325238,0.0196469549105158,0.0573646282750232,100.0,0.0, + Descriptors (Baseline),GPR + Descriptors (Baseline)
PKN1_HUMAN_Tsuboyama_2023_1URF_indels,score,False,facebook/esm2_t33_650M_UR50D,GPR,80,0.1482011263034362,0.0332809843532098,0.1821813928492899,0.0840737627376856,0.4180206384092404,0.0909220588881918,0.3202005926075255,0.0667370963547903,0.8466079529316941,0.0924513212581391,0.868421052631579,0.0584567326363494,100.0,0.0, + ESM2 (SCARSE),GPR + ESM2 (SCARSE)
PKN1_HUMAN_Tsuboyama_2023_1URF_indels,score,True,facebook/esm2_t33_650M_UR50D,GPR,80,1.3353214504326405,0.0810366532565456,1.3586590281591568,0.1992036416965968,1.1626310777816848,0.0878635630164702,1.0661432049948505,0.1255283116916295,-0.0849554243467147,0.082554943106875,0.0406015037593984,0.0063799108076982,100.0,0.0, + Descriptors (Baseline),GPR + Descriptors (Baseline)
POLG_PESV_Tsuboyama_2023_2MXD_indels,score,False,facebook/esm2_t33_650M_UR50D,GPR,20,0.9295972717749658,0.2785814193867297,0.9028215289158986,0.3654022476382896,0.932358053729868,0.1930169496326715,0.7463671927987565,0.1407382401734646,0.2499466754835432,0.2444811432021966,0.5984962406015037,0.1379329860248799,100.0,0.0, + ESM2 (SCARSE),GPR + ESM2 (SCARSE)
POLG_PESV_Tsuboyama_2023_2MXD_indels,score,True,facebook/esm2_t33_650M_UR50D,GPR,20,1.254733014784814,0.2745790686836609,1.3719117083987251,0.4129980029270673,1.1595148560071036,0.1746011553275722,0.9697845243057563,0.1482494300523517,-0.1349200952661047,0.1462884432460187,-0.0273462331715258,0.094702966885992,100.0,0.0, + Descriptors (Baseline),GPR + Descriptors (Baseline)
POLG_PESV_Tsuboyama_2023_2MXD_indels,score,False,facebook/esm2_t33_650M_UR50D,GPR,40,0.6048170532856671,0.1129188607392086,0.5903013464174838,0.1706097373168145,0.7616882841122014,0.1061042687574308,0.5887805917519822,0.0877951754503463,0.4693888514489185,0.2707728259632114,0.7357894736842104,0.144270456907859,100.0,0.0, + ESM2 (SCARSE),GPR + ESM2 (SCARSE)
POLG_PESV_Tsuboyama_2023_2MXD_indels,score,True,facebook/esm2_t33_650M_UR50D,GPR,40,1.2676966151472482,0.2061105365569751,1.2337597060763188,0.2517879080879189,1.105007667777454,0.1188732295316256,0.9241086243629708,0.1023110047347546,-0.0396050882837627,0.1149519112342143,0.3288599311617204,0.1406826356780551,100.0,0.0, + Descriptors (Baseline),GPR + Descriptors (Baseline)
POLG_PESV_Tsuboyama_2023_2MXD_indels,score,False,facebook/esm2_t33_650M_UR50D,GPR,60,0.4227414933191118,0.0859891595962413,0.4623225467680869,0.1582916822851736,0.6703308365994511,0.1200884686478493,0.5277531218056437,0.0949911282042036,0.6026801267130256,0.1434433487310958,0.81593984962406,0.0722472539659288,100.0,0.0, + ESM2 (SCARSE),GPR + ESM2 (SCARSE)
POLG_PESV_Tsuboyama_2023_2MXD_indels,score,True,facebook/esm2_t33_650M_UR50D,GPR,60,1.2502349383855502,0.1532345782868518,1.1261803367319183,0.2133723960934166,1.056852571001319,0.1013408982911955,0.8987693417151867,0.0815902789496803,0.0474581653907069,0.0956001666585092,0.3910503372863946,0.1353329793998292,100.0,0.0, + Descriptors (Baseline),GPR + Descriptors (Baseline)
POLG_PESV_Tsuboyama_2023_2MXD_indels,score,False,facebook/esm2_t33_650M_UR50D,GPR,80,0.4008748393731871,0.0587833250682917,0.4007033500230992,0.1757358945755402,0.6215119044364947,0.1266065763906298,0.4887231453012886,0.1076597000871358,0.6592623319819775,0.1415811087817774,0.853984962406015,0.0474337510792961,100.0,0.0, + ESM2 (SCARSE),GPR + ESM2 (SCARSE)
POLG_PESV_Tsuboyama_2023_2MXD_indels,score,True,facebook/esm2_t33_650M_UR50D,GPR,80,1.2515537699668653,0.078920509525286,1.1238973509182009,0.2160389251838479,1.0553938235079858,0.1056263236308673,0.9040287437977153,0.1030567210508816,0.051023615628607,0.0963799006924825,0.2820138436069238,0.0931488275135576,100.0,0.0, + Descriptors (Baseline),GPR + Descriptors (Baseline)
RD23A_HUMAN_Tsuboyama_2023_1IFY_indels,score,False,facebook/esm2_t33_650M_UR50D,GPR,20,0.3578828307295559,0.2810505208610009,0.3265397822524563,0.1427242669918992,0.5597815628756742,0.1210343574588273,0.4424249761654668,0.094528291264059,0.7138958461803511,0.1358683196894435,0.8239097744360901,0.1021362761001689,100.0,0.0, + ESM2 (SCARSE),GPR + ESM2 (SCARSE)
RD23A_HUMAN_Tsuboyama_2023_1IFY_indels,score,True,facebook/esm2_t33_650M_UR50D,GPR,20,1.2259041101318915,0.3182398528030854,1.2606002651848145,0.2282501800067497,1.1186124004678848,0.1016888648131646,0.9658201172642452,0.1074903777288114,-0.0836533686869611,0.1630526758856474,,,100.0,0.0, + Descriptors (Baseline),GPR + Descriptors (Baseline)
RD23A_HUMAN_Tsuboyama_2023_1IFY_indels,score,False,facebook/esm2_t33_650M_UR50D,GPR,40,0.2144517498472244,0.046089734059273,0.234747550901065,0.1174407957834545,0.4717189780311133,0.1165654640408222,0.35632846299584,0.0950978100021222,0.7901882887284452,0.1182156324927706,0.8714285714285713,0.0856842345714492,100.0,0.0, + ESM2 (SCARSE),GPR + ESM2 (SCARSE)
RD23A_HUMAN_Tsuboyama_2023_1IFY_indels,score,True,facebook/esm2_t33_650M_UR50D,GPR,40,1.0315180285952184,0.1706116417515005,1.255156899350412,0.18698425401997,1.1175977773256132,0.0825436414353087,0.9494431502012054,0.0955548446001805,-0.0792308337797168,0.1001872708274368,-0.3027437770522297,0.1507896644134845,100.0,0.0, + Descriptors (Baseline),GPR + Descriptors (Baseline)
RD23A_HUMAN_Tsuboyama_2023_1IFY_indels,score,False,facebook/esm2_t33_650M_UR50D,GPR,60,0.1688730712091727,0.0397017833203238,0.2011032777148304,0.0826523828383523,0.4402436007406743,0.0899928992366506,0.340121432370364,0.0802190747923051,0.8228740886802838,0.0814673005339961,0.8864661654135337,0.0693950521895041,100.0,0.0, + ESM2 (SCARSE),GPR + ESM2 (SCARSE)
RD23A_HUMAN_Tsuboyama_2023_1IFY_indels,score,True,facebook/esm2_t33_650M_UR50D,GPR,60,0.9970996541358156,0.0754666139124864,1.2264552275662972,0.2158630491235233,1.1035946878257916,0.0973766602710588,0.9416979571663416,0.1094258533460986,-0.0490868883855087,0.0848895915190155,-0.1112781954887217,0.048912649525686,100.0,0.0, + Descriptors (Baseline),GPR + Descriptors (Baseline)
RD23A_HUMAN_Tsuboyama_2023_1IFY_indels,score,False,facebook/esm2_t33_650M_UR50D,GPR,80,0.1412562766772353,0.0148396907776181,0.1292713897737455,0.0463474562582651,0.35347347625725,0.0693452822745303,0.2689834624631041,0.0542387624865234,0.8878881175506071,0.0450079419800006,0.9187969924812028,0.0417697577062649,100.0,0.0, + ESM2 (SCARSE),GPR + ESM2 (SCARSE)
RD23A_HUMAN_Tsuboyama_2023_1IFY_indels,score,True,facebook/esm2_t33_650M_UR50D,GPR,80,1.0188326023208585,0.0524497155209739,1.2195946177049994,0.2338115927474442,1.0999360448291653,0.1040048876552991,0.9399995526103252,0.1187364260387824,-0.0399721977035493,0.0622503116794796,-0.1187969924812029,0.0850654774359756,100.0,0.0, + Descriptors (Baseline),GPR + Descriptors (Baseline)
RPC1_BP434_Tsuboyama_2023_1R69_indels,score,False,facebook/esm2_t33_650M_UR50D,GPR,20,0.7061071386276814,0.3821409320459316,0.9623997904637632,0.5713514675425925,0.941639829550742,0.290046398333119,0.6573763791794733,0.184661582281524,0.3203725669628888,0.4236897101543935,0.5508270676691729,0.234120147876439,100.0,0.0, + ESM2 (SCARSE),GPR + ESM2 (SCARSE)
RPC1_BP434_Tsuboyama_2023_1R69_indels,score,True,facebook/esm2_t33_650M_UR50D,GPR,20,1.1971895972399875,0.4814956516179532,1.7237620664487026,0.5073746070158767,1.2998143347817668,0.1950634128930478,1.0410211934380411,0.1251467104475701,-0.1592201873487224,0.1646461691681259,-0.2411118988333174,,100.0,0.0, + Descriptors (Baseline),GPR + Descriptors (Baseline)
RPC1_BP434_Tsuboyama_2023_1R69_indels,score,False,facebook/esm2_t33_650M_UR50D,GPR,40,0.5538951817212422,0.3904939553095398,0.6918298925060082,0.3416955190949056,0.8029468976297022,0.2287797875999362,0.5045523297852299,0.1044236119251951,0.5052891229152681,0.272284505826662,0.6033082706766917,0.1965331651835229,100.0,0.0, + ESM2 (SCARSE),GPR + ESM2 (SCARSE)
RPC1_BP434_Tsuboyama_2023_1R69_indels,score,True,facebook/esm2_t33_650M_UR50D,GPR,40,1.4463953000980525,0.388270702392256,1.6475723827134996,0.3806049522941127,1.2754439173141234,0.152078914090691,1.050888366252129,0.0968949356764811,-0.1198496811591652,0.1110665880500261,-0.0019459831563798,0.1419718821344896,100.0,0.0, + Descriptors (Baseline),GPR + Descriptors (Baseline)
RPC1_BP434_Tsuboyama_2023_1R69_indels,score,False,facebook/esm2_t33_650M_UR50D,GPR,60,0.5718214704853212,0.3331222092132763,0.7321332304129082,0.3275531084418996,0.833857651243396,0.202250251684379,0.5155325496508752,0.0991897861803898,0.4811708598163225,0.2480458784593681,0.6287218045112781,0.1837739870358856,100.0,0.0, + ESM2 (SCARSE),GPR + ESM2 (SCARSE)
RPC1_BP434_Tsuboyama_2023_1R69_indels,score,True,facebook/esm2_t33_650M_UR50D,GPR,60,1.4317158552753737,0.2359992465848084,1.5815362803014736,0.4146876973714061,1.2477855877437154,0.1652183986275419,1.0213390430799762,0.1128767891518656,-0.0672257873509593,0.0821288543973449,-0.1515703162024289,0.4385247424944595,100.0,0.0, + Descriptors (Baseline),GPR + Descriptors (Baseline)
RPC1_BP434_Tsuboyama_2023_1R69_indels,score,False,facebook/esm2_t33_650M_UR50D,GPR,80,0.5230540153580356,0.2672789092320666,0.7786340969517356,0.523849271059534,0.8373483620331775,0.2934125225535052,0.487383926629811,0.1250312836553863,0.4523601156718625,0.3513497329044772,0.6366917293233082,0.160159906525693,100.0,0.0, + ESM2 (SCARSE),GPR + ESM2 (SCARSE)
RPC1_BP434_Tsuboyama_2023_1R69_indels,score,True,facebook/esm2_t33_650M_UR50D,GPR,80,1.4512635536340317,0.1555937147530767,1.551319048201836,0.4129301108520029,1.2355846618085298,0.1654945172147759,1.0154082332075045,0.1360712197685259,-0.0466233168917322,0.0856629049133397,0.0025459225332367,,100.0,0.0, + Descriptors (Baseline),GPR + Descriptors (Baseline)
SDA_BACSU_Tsuboyama_2023_1PV0_indels,score,False,facebook/esm2_t33_650M_UR50D,GPR,20,0.3235338177574904,0.1788132126293745,0.3747288345924201,0.1799546904072932,0.5977179974718279,0.1392919798707742,0.4866019593090135,0.1167682268842449,0.7081100866048713,0.1171753958979793,0.8720300751879698,0.0422390165814508,100.0,0.0, + ESM2 (SCARSE),GPR + ESM2 (SCARSE)
SDA_BACSU_Tsuboyama_2023_1PV0_indels,score,True,facebook/esm2_t33_650M_UR50D,GPR,20,1.359518347030676,0.3387217035107951,1.3474220319077883,0.2980431270124362,1.1545180039059832,0.1269742343274253,0.9976802267431852,0.1333630896644229,-0.0432294984402706,0.0468135796233254,0.006766917293233,0.0946353436475228,100.0,0.0, + Descriptors (Baseline),GPR + Descriptors (Baseline)
SDA_BACSU_Tsuboyama_2023_1PV0_indels,score,False,facebook/esm2_t33_650M_UR50D,GPR,40,0.2255805206467519,0.0559267007940335,0.2402073556487072,0.1075461676751563,0.4791127112448031,0.1088238412009737,0.3725558642642138,0.0812699843849682,0.812113494684423,0.0840792100597227,0.9009022556390978,0.0511447708888595,100.0,0.0, + ESM2 (SCARSE),GPR + ESM2 (SCARSE)
SDA_BACSU_Tsuboyama_2023_1PV0_indels,score,True,facebook/esm2_t33_650M_UR50D,GPR,40,1.337917116901559,0.1813286307891865,1.3642423470237932,0.2926009116739484,1.1620947697412247,0.1237295130690924,1.00891145741032,0.1274740501904329,-0.0583841211956035,0.0638253207754941,-0.1605263157894736,0.1500918368874683,100.0,0.0, + Descriptors (Baseline),GPR + Descriptors (Baseline)
SDA_BACSU_Tsuboyama_2023_1PV0_indels,score,False,facebook/esm2_t33_650M_UR50D,GPR,60,0.152280901368945,0.0316370915609875,0.1667597610383267,0.0474842511422198,0.4044421468776875,0.0595008017433737,0.309579396754902,0.0431334691839906,0.8675287316474106,0.041735904505199,0.9300751879699248,0.0515109240148996,100.0,0.0, + ESM2 (SCARSE),GPR + ESM2 (SCARSE)
SDA_BACSU_Tsuboyama_2023_1PV0_indels,score,True,facebook/esm2_t33_650M_UR50D,GPR,60,1.2817844468056443,0.1003478616260269,1.309188884033348,0.2704112230852151,1.1387745885567189,0.1172903353545459,1.0000181896417015,0.1263686765333858,-0.0154488434589391,0.011954058231017,0.0142857142857142,0.1584344517245046,100.0,0.0, + Descriptors (Baseline),GPR + Descriptors (Baseline)
SDA_BACSU_Tsuboyama_2023_1PV0_indels,score,False,facebook/esm2_t33_650M_UR50D,GPR,80,0.1281829007203203,0.0223222273813335,0.1398966789281511,0.0367248329150801,0.3710217543085119,0.0498836062804141,0.2869914281373141,0.0407655016318381,0.8879986846932006,0.038281370820679,0.9300751879699248,0.0482988021758177,100.0,0.0, + ESM2 (SCARSE),GPR + ESM2 (SCARSE)
SDA_BACSU_Tsuboyama_2023_1PV0_indels,score,True,facebook/esm2_t33_650M_UR50D,GPR,80,1.2666622670799392,0.1131704219551455,1.3715412952895183,0.3039078828004615,1.164812913885203,0.128028516510018,1.0200466521584088,0.1411069489575726,-0.0626744445372278,0.0637335730404752,-0.1274077739128882,0.1523091526010748,100.0,0.0, + Descriptors (Baseline),GPR + Descriptors (Baseline)
SQSTM_MOUSE_Tsuboyama_2023_2RRU_indels,score,False,facebook/esm2_t33_650M_UR50D,GPR,20,0.1974047048696225,0.0580063507774619,0.1611304278449659,0.0499142641374803,0.397394824178259,0.0597009357947925,0.304752569301398,0.046603989526049,0.3473413640755683,0.3133232104477446,0.5461766820982813,0.1701550509380453,100.0,0.0, + ESM2 (SCARSE),GPR + ESM2 (SCARSE)
SQSTM_MOUSE_Tsuboyama_2023_2RRU_indels,score,True,facebook/esm2_t33_650M_UR50D,GPR,20,0.32676910624488,0.1181893129082081,0.3326439757058204,0.2400276965592205,0.549409751806888,0.1849711699016729,0.4268208668533637,0.1442165843211941,-0.1874436933638939,0.8217298283717033,0.2806120709066513,0.3335357035476618,100.0,0.0, + Descriptors (Baseline),GPR + Descriptors (Baseline)
SQSTM_MOUSE_Tsuboyama_2023_2RRU_indels,score,False,facebook/esm2_t33_650M_UR50D,GPR,40,0.1443282834809255,0.037016425934422,0.1232543912412095,0.0532770057889217,0.3447042559809632,0.0701852085542256,0.2681908834932209,0.0548261715958644,0.5185343017166579,0.2389405484188603,0.6866165413533835,0.0846841912039836,100.0,0.0, + ESM2 (SCARSE),GPR + ESM2 (SCARSE)
SQSTM_MOUSE_Tsuboyama_2023_2RRU_indels,score,True,facebook/esm2_t33_650M_UR50D,GPR,40,0.2841272070224737,0.0677787642864291,0.3202796275695542,0.1502122218680007,0.5525580607933629,0.1289238234248447,0.413544217874214,0.082962668797736,-0.3900754182034611,1.4253393504333651,0.3615467239527389,0.18665577138073,100.0,0.0, + Descriptors (Baseline),GPR + Descriptors (Baseline)
SQSTM_MOUSE_Tsuboyama_2023_2RRU_indels,score,False,facebook/esm2_t33_650M_UR50D,GPR,60,0.0903955159576822,0.0238924205200942,0.0836143861975702,0.0208582842876549,0.287048180218607,0.0367835777179083,0.2310394655097326,0.0342616364936217,0.6672050665383191,0.151127954572722,0.7703759398496239,0.0814256362138189,100.0,0.0, + ESM2 (SCARSE),GPR + ESM2 (SCARSE)
SQSTM_MOUSE_Tsuboyama_2023_2RRU_indels,score,True,facebook/esm2_t33_650M_UR50D,GPR,60,0.2239190785296957,0.051604218515446,0.2242395335324061,0.0921195564591646,0.4631487634070383,0.1039912201792769,0.3606356458403661,0.0879558272344904,0.172826270951957,0.3808307110754273,0.4584962406015037,0.138962792129303,100.0,0.0, + Descriptors (Baseline),GPR + Descriptors (Baseline)
SQSTM_MOUSE_Tsuboyama_2023_2RRU_indels,score,False,facebook/esm2_t33_650M_UR50D,GPR,80,0.0788502340938822,0.0115868542201784,0.0748976923934244,0.0215108803219719,0.2711443873934746,0.0391352864140944,0.2150625210059197,0.0361017868062717,0.7080120467607032,0.1216054611247198,0.7884210526315788,0.0841629236502096,100.0,0.0, + ESM2 (SCARSE),GPR + ESM2 (SCARSE)
SQSTM_MOUSE_Tsuboyama_2023_2RRU_indels,score,True,facebook/esm2_t33_650M_UR50D,GPR,80,0.2016956985597301,0.0243220319801101,0.2027071250301558,0.067051853076536,0.4435035616855738,0.0817293351548351,0.3443362616728511,0.0668145543310704,0.2529975213925187,0.2334009153551313,0.5136842105263157,0.0846485801829935,100.0,0.0, + Descriptors (Baseline),GPR + Descriptors (Baseline)
VG08_BPP22_Tsuboyama_2023_2GP8_indels,score,False,facebook/esm2_t33_650M_UR50D,GPR,20,0.084751174605167,0.0381183899857503,0.0887365822774068,0.0389730300756373,0.2910612771269839,0.0668324208966473,0.2194600579711974,0.0495480557114509,0.6972951900458785,0.1358009913883425,0.8618045112781954,0.0689344259108543,100.0,0.0, + ESM2 (SCARSE),GPR + ESM2 (SCARSE)
VG08_BPP22_Tsuboyama_2023_2GP8_indels,score,True,facebook/esm2_t33_650M_UR50D,GPR,20,0.350814382712304,0.0713859712670772,0.4580411146032328,0.4061256351921252,0.6423328718598651,0.2247210525950665,0.5313327940920223,0.1575909528544448,-0.5467862118965103,1.364985895431311,0.0511278195488721,0.3219204344645442,100.0,0.0, + Descriptors (Baseline),GPR + Descriptors (Baseline)
VG08_BPP22_Tsuboyama_2023_2GP8_indels,score,False,facebook/esm2_t33_650M_UR50D,GPR,40,0.0699580806816737,0.0211810861566951,0.0681497018832675,0.0244816182532468,0.2559741456037796,0.0540261116465674,0.1838001297532904,0.0400367136502576,0.7652007236840784,0.0960682122386767,0.8658646616541354,0.0537478006546602,100.0,0.0, + ESM2 (SCARSE),GPR + ESM2 (SCARSE)
VG08_BPP22_Tsuboyama_2023_2GP8_indels,score,True,facebook/esm2_t33_650M_UR50D,GPR,40,0.3135242617612311,0.0419204775802184,0.3349236583596679,0.0599041814669481,0.5767879654615361,0.0498809834440354,0.4977803365513621,0.0597089683459864,-0.1441607288728062,0.2536367698786299,0.1785295000640306,0.2552285573879167,100.0,0.0, + Descriptors (Baseline),GPR + Descriptors (Baseline)
VG08_BPP22_Tsuboyama_2023_2GP8_indels,score,False,facebook/esm2_t33_650M_UR50D,GPR,60,0.0564884962483645,0.0123696467326906,0.0614682883481941,0.0269805824100421,0.2421010109755669,0.056326319413481,0.1801933907253118,0.0427017051095573,0.7913268509070757,0.0862510804599099,0.894736842105263,0.0371739272536123,100.0,0.0, + ESM2 (SCARSE),GPR + ESM2 (SCARSE)
VG08_BPP22_Tsuboyama_2023_2GP8_indels,score,True,facebook/esm2_t33_650M_UR50D,GPR,60,0.296129758387636,0.0305087978751465,0.3332782018293716,0.0547851413420675,0.5754987205779625,0.048067365257289,0.4902326135587351,0.0613895067245867,-0.126431945381421,0.1603308315455404,0.1004729108083289,0.2614809674638191,100.0,0.0, + Descriptors (Baseline),GPR + Descriptors (Baseline)
VG08_BPP22_Tsuboyama_2023_2GP8_indels,score,False,facebook/esm2_t33_650M_UR50D,GPR,80,0.0511833830083589,0.0081031556016228,0.0529314513908301,0.0196285002160358,0.2255406200040036,0.0478757665333453,0.1721055307854351,0.0326181802077315,0.8189547945854123,0.0703445856095056,0.8891729323308271,0.0414924372822131,100.0,0.0, + ESM2 (SCARSE),GPR + ESM2 (SCARSE)
VG08_BPP22_Tsuboyama_2023_2GP8_indels,score,True,facebook/esm2_t33_650M_UR50D,GPR,80,0.2925235007649994,0.0098506063700804,0.3231882677451201,0.0461313487749348,0.5672150462427734,0.0402127544847898,0.4868053368536204,0.0467208332965506,-0.0943400237013385,0.1375356213791526,0.0977443609022555,0.1529331440674512,100.0,0.0, + Descriptors (Baseline),GPR + Descriptors (Baseline)
YNZC_BACSU_Tsuboyama_2023_2JVD_indels,score,False,facebook/esm2_t33_650M_UR50D,GPR,20,0.1984623168805933,0.0577488880743653,0.2460453533553249,0.1291854261728804,0.480391369173669,0.1302539646603798,0.3540232177080775,0.0878335607386341,0.7619341966593041,0.1085156960062724,0.7981954887218045,0.0694802660105981,100.0,0.0, + ESM2 (SCARSE),GPR + ESM2 (SCARSE)
YNZC_BACSU_Tsuboyama_2023_2JVD_indels,score,True,facebook/esm2_t33_650M_UR50D,GPR,20,1.0733419896910352,0.2100546148877304,1.10665030809566,0.0921185164151182,1.0511538927867528,0.043789924956372,0.91813695574999,0.0675968698239602,-0.1063424195751646,0.1747555210859411,0.2839411893188808,0.1561816236292039,100.0,0.0, + Descriptors (Baseline),GPR + Descriptors (Baseline)
YNZC_BACSU_Tsuboyama_2023_2JVD_indels,score,False,facebook/esm2_t33_650M_UR50D,GPR,40,0.1353017166831173,0.0347793059654687,0.1780290523096418,0.0515378183842072,0.4177309759619814,0.062626618688261,0.33089118092831,0.038914884358933,0.8234711922307788,0.0525312345899432,0.834736842105263,0.0683119936510413,100.0,0.0, + ESM2 (SCARSE),GPR + ESM2 (SCARSE)
YNZC_BACSU_Tsuboyama_2023_2JVD_indels,score,True,facebook/esm2_t33_650M_UR50D,GPR,40,0.9103990357296612,0.1217149198503215,1.1819496371494949,0.1996468514777192,1.0837573690853308,0.0907964885685252,0.9462361569076996,0.091022023409315,-0.1835767917439643,0.2599242761387673,0.10542166454408,0.1807958422596403,100.0,0.0, + Descriptors (Baseline),GPR + Descriptors (Baseline)
YNZC_BACSU_Tsuboyama_2023_2JVD_indels,score,False,facebook/esm2_t33_650M_UR50D,GPR,60,0.1123626859621319,0.0243261666000242,0.1186577833283179,0.036379462582358,0.3406238696855294,0.0540900764031986,0.2702146869932907,0.0459846413008786,0.883384605086448,0.0311443445248943,0.8553383458646616,0.0638298187745187,100.0,0.0, + ESM2 (SCARSE),GPR + ESM2 (SCARSE)
YNZC_BACSU_Tsuboyama_2023_2JVD_indels,score,True,facebook/esm2_t33_650M_UR50D,GPR,60,0.9378094609188088,0.058231737285046,1.2320032325674184,0.6019863940137637,1.089750516533273,0.2222287217232686,0.9486491376038648,0.1483305143963253,-0.231903841068631,0.6373316916273875,0.1079365079365079,0.2205082265828558,100.0,0.0, + Descriptors (Baseline),GPR + Descriptors (Baseline)
YNZC_BACSU_Tsuboyama_2023_2JVD_indels,score,False,facebook/esm2_t33_650M_UR50D,GPR,80,0.0902386259427505,0.0137786184669765,0.0984121286848185,0.035461113390618,0.3087661881372069,0.0584576746034399,0.2512145816538997,0.0509933376350987,0.9039386459496516,0.0289986489058881,0.8777443609022555,0.0578640242289344,100.0,0.0, + ESM2 (SCARSE),GPR + ESM2 (SCARSE)
YNZC_BACSU_Tsuboyama_2023_2JVD_indels,score,True,facebook/esm2_t33_650M_UR50D,GPR,80,0.916788518914436,0.062279683645699,1.214149500238134,0.6464952627411689,1.0777391838943031,0.2418166241343856,0.9471731532927576,0.1849038663666201,-0.2150344736670774,0.683634093330276,0.1263157894736841,0.2501197883880602,100.0,0.0, + Descriptors (Baseline),GPR + Descriptors (Baseline)
