Train Size,Dataset,Metric,p-adj,effect size
500,cellppd,Test Accuracy,0.7647009431046285,-0.0023333333333334094
100,cellppd,Test Accuracy,0.1976042573604162,0.010333333333333417
20,cellppd,Test Accuracy,0.26309646792795827,0.018333333333333313
350,cellppd,Test Accuracy,0.6262356836444465,0.002666666666666706
200,cellppd,Test Accuracy,0.7163059482704844,0.0023333333333334094
75,cellppd,Test Accuracy,0.2018393207521344,0.009000000000000008
50,cellppd,Test Accuracy,0.9,-0.0006666666666668153
500,cellppd,Test Balanced Accuracy,0.6855318549961624,-0.003272505533221892
100,cellppd,Test Balanced Accuracy,0.2619972131744862,0.009343240435430666
20,cellppd,Test Balanced Accuracy,0.3615438503705978,0.01936175979041521
350,cellppd,Test Balanced Accuracy,0.6863798706937994,0.002366863905325478
200,cellppd,Test Balanced Accuracy,0.5693935849113743,0.0037016125389582877
75,cellppd,Test Balanced Accuracy,0.2081466853249584,0.009447129499977391
50,cellppd,Test Balanced Accuracy,0.9,0.0010388906454672497
500,cellppd,Test F1 (weighted),0.7476867086263513,-0.002523464973578471
100,cellppd,Test F1 (weighted),0.20873059181552567,0.01017002384418808
20,cellppd,Test F1 (weighted),0.2868242144087395,0.03308140244909097
350,cellppd,Test F1 (weighted),0.6244165388799703,0.0026975482347811885
200,cellppd,Test F1 (weighted),0.6827747343924058,0.002622241950287707
75,cellppd,Test F1 (weighted),0.21303198669554824,0.008816138570762133
50,cellppd,Test F1 (weighted),0.9,0.001267723554949307
500,cellppd,Test MCC,0.7356871193935568,-0.005397636861224631
100,cellppd,Test MCC,0.20487888400110577,0.02018518722610907
20,cellppd,Test MCC,0.29893839305087755,0.044186593674912955
350,cellppd,Test MCC,0.6749251741339748,0.004792817602536248
200,cellppd,Test MCC,0.7368878854618177,0.004577513822547896
75,cellppd,Test MCC,0.18936929503298283,0.019335338754735032
50,cellppd,Test MCC,0.9,-0.003014832270334833
500,cellppd,Test ROC AUC,0.8856871667271042,0.0005239622385836418
100,cellppd,Test ROC AUC,0.466165414470611,0.004815032295948263
20,cellppd,Test ROC AUC,0.7231594510528021,-0.006174623966755499
350,cellppd,Test ROC AUC,0.6994090199332395,-0.0018429016667420584
200,cellppd,Test ROC AUC,0.7952032660602031,0.0010795428881159586
75,cellppd,Test ROC AUC,0.4362673244066362,0.004146528750169409
50,cellppd,Test ROC AUC,0.47179009221526536,-0.006705361579113833
