Train Size,Metric,p-adj mean value,p-adj std value,effect size mean value,effect size std value
20,Test MCC,0.29893839305087755,,0.044186593674912955,
20,Test Accuracy,0.26309646792795827,,0.018333333333333313,
20,Test F1 (weighted),0.2868242144087395,,0.03308140244909097,
20,Test Balanced Accuracy,0.3615438503705978,,0.01936175979041521,
20,Test ROC AUC,0.7231594510528021,,-0.006174623966755499,
50,Test ROC AUC,0.47179009221526536,,-0.006705361579113833,
50,Test MCC,0.9,,-0.003014832270334833,
50,Test F1 (weighted),0.9,,0.001267723554949307,
50,Test Accuracy,0.9,,-0.0006666666666668153,
50,Test Balanced Accuracy,0.9,,0.0010388906454672497,
75,Test F1 (weighted),0.21303198669554824,,0.008816138570762133,
75,Test ROC AUC,0.4362673244066362,,0.004146528750169409,
75,Test Balanced Accuracy,0.2081466853249584,,0.009447129499977391,
75,Test Accuracy,0.2018393207521344,,0.009000000000000008,
75,Test MCC,0.18936929503298283,,0.019335338754735032,
100,Test ROC AUC,0.466165414470611,,0.004815032295948263,
100,Test F1 (weighted),0.20873059181552567,,0.01017002384418808,
100,Test Balanced Accuracy,0.2619972131744862,,0.009343240435430666,
100,Test MCC,0.20487888400110577,,0.02018518722610907,
100,Test Accuracy,0.1976042573604162,,0.010333333333333417,
200,Test Balanced Accuracy,0.5693935849113743,,0.0037016125389582877,
200,Test F1 (weighted),0.6827747343924058,,0.002622241950287707,
200,Test Accuracy,0.7163059482704844,,0.0023333333333334094,
200,Test ROC AUC,0.7952032660602031,,0.0010795428881159586,
200,Test MCC,0.7368878854618177,,0.004577513822547896,
350,Test ROC AUC,0.6994090199332395,,-0.0018429016667420584,
350,Test F1 (weighted),0.6244165388799703,,0.0026975482347811885,
350,Test Balanced Accuracy,0.6863798706937994,,0.002366863905325478,
350,Test Accuracy,0.6262356836444465,,0.002666666666666706,
350,Test MCC,0.6749251741339748,,0.004792817602536248,
500,Test MCC,0.7356871193935568,,-0.005397636861224631,
500,Test ROC AUC,0.8856871667271042,,0.0005239622385836418,
500,Test F1 (weighted),0.7476867086263513,,-0.002523464973578471,
500,Test Balanced Accuracy,0.6855318549961624,,-0.003272505533221892,
500,Test Accuracy,0.7647009431046285,,-0.0023333333333334094,
