Train Size,Dataset,Metric,group1,group2,p-adj,effect size
20,EC_all_40,Test MSE,GPR + ESM2,GPR + Morgan,0.9,-0.05197119615848356
20,EC_all_40,Test MSE,GPR + ESM2,GPR + N-gram,0.9,0.03196814862118824
20,EC_all_40,Test MSE,GPR + ESM2,GPR + Physchem,0.7126926173488644,-0.08100508033020881
20,EC_all_40,Test MSE,GPR + Morgan,GPR + N-gram,0.6921770088867313,0.0839393447796718
20,EC_all_40,Test MSE,GPR + Morgan,GPR + Physchem,0.9,-0.029033884171725255
20,EC_all_40,Test MSE,GPR + N-gram,GPR + Physchem,0.48881655434993,-0.11297322895139705
20,SA_all_40,Test MSE,GPR + ESM2,GPR + Morgan,0.9,0.039710673775487315
20,SA_all_40,Test MSE,GPR + ESM2,GPR + N-gram,0.9,0.04324962876986671
20,SA_all_40,Test MSE,GPR + ESM2,GPR + Physchem,0.5118947804067095,0.0981283779118669
20,SA_all_40,Test MSE,GPR + Morgan,GPR + N-gram,0.9,0.003538954994379395
20,SA_all_40,Test MSE,GPR + Morgan,GPR + Physchem,0.8223576658167248,0.05841770413637959
20,SA_all_40,Test MSE,GPR + N-gram,GPR + Physchem,0.8500235079363083,0.054878749142000194
20,PA_all_40,Test MSE,GPR + ESM2,GPR + Morgan,0.9,0.012027723790678069
20,PA_all_40,Test MSE,GPR + ESM2,GPR + N-gram,0.9,0.015569965409772513
20,PA_all_40,Test MSE,GPR + ESM2,GPR + Physchem,0.9,-0.00038755314149696574
20,PA_all_40,Test MSE,GPR + Morgan,GPR + N-gram,0.9,0.003542241619094444
20,PA_all_40,Test MSE,GPR + Morgan,GPR + Physchem,0.9,-0.012415276932175034
20,PA_all_40,Test MSE,GPR + N-gram,GPR + Physchem,0.9,-0.01595751855126948
20,hemopi2_all,Test MSE,GPR + ESM2,GPR + Morgan,0.30714896144973614,-0.02392397345821412
20,hemopi2_all,Test MSE,GPR + ESM2,GPR + N-gram,0.5716528097678562,-0.017341968913513084
20,hemopi2_all,Test MSE,GPR + ESM2,GPR + Physchem,0.9,-0.006537124958028939
20,hemopi2_all,Test MSE,GPR + Morgan,GPR + N-gram,0.9,0.006582004544701037
20,hemopi2_all,Test MSE,GPR + Morgan,GPR + Physchem,0.5698234035736705,0.01738684850018518
20,hemopi2_all,Test MSE,GPR + N-gram,GPR + Physchem,0.8383174918038725,0.010804843955484145
50,EC_all_40,Test MSE,GPR + ESM2,GPR + Morgan,0.36246097425416146,-0.0732998631204862
50,EC_all_40,Test MSE,GPR + ESM2,GPR + N-gram,0.9,-0.02543698939337824
50,EC_all_40,Test MSE,GPR + ESM2,GPR + Physchem,0.5425765370677114,0.05901341658781101
50,EC_all_40,Test MSE,GPR + Morgan,GPR + N-gram,0.6817366339018198,0.04786287372710796
50,EC_all_40,Test MSE,GPR + Morgan,GPR + Physchem,0.027490901911887855,0.1323132797082972
50,EC_all_40,Test MSE,GPR + N-gram,GPR + Physchem,0.24503274389564367,0.08445040598118925
50,SA_all_40,Test MSE,GPR + ESM2,GPR + Morgan,0.9,0.001984684190688535
50,SA_all_40,Test MSE,GPR + ESM2,GPR + N-gram,0.9,-0.006118783433788577
50,SA_all_40,Test MSE,GPR + ESM2,GPR + Physchem,0.46539570335256053,0.03160934184606845
50,SA_all_40,Test MSE,GPR + Morgan,GPR + N-gram,0.9,-0.008103467624477112
50,SA_all_40,Test MSE,GPR + Morgan,GPR + Physchem,0.5175732579787835,0.029624657655379916
50,SA_all_40,Test MSE,GPR + N-gram,GPR + Physchem,0.31237399107357267,0.03772812527985703
50,PA_all_40,Test MSE,GPR + ESM2,GPR + Morgan,0.8612605971012861,-0.013226357203801609
50,PA_all_40,Test MSE,GPR + ESM2,GPR + N-gram,0.9,1.5404080700887057e-05
50,PA_all_40,Test MSE,GPR + ESM2,GPR + Physchem,0.9,-8.874623055932229e-05
50,PA_all_40,Test MSE,GPR + Morgan,GPR + N-gram,0.8607761757534779,0.013241761284502496
50,PA_all_40,Test MSE,GPR + Morgan,GPR + Physchem,0.8640623404923032,0.013137610973242286
50,PA_all_40,Test MSE,GPR + N-gram,GPR + Physchem,0.9,-0.00010415031126020935
50,hemopi2_all,Test MSE,GPR + ESM2,GPR + Morgan,0.06865457799605168,-0.041282296098059446
50,hemopi2_all,Test MSE,GPR + ESM2,GPR + N-gram,0.23423422328438137,-0.03099312364829565
50,hemopi2_all,Test MSE,GPR + ESM2,GPR + Physchem,0.9,-0.005104063632028588
50,hemopi2_all,Test MSE,GPR + Morgan,GPR + N-gram,0.9,0.010289172449763795
50,hemopi2_all,Test MSE,GPR + Morgan,GPR + Physchem,0.13050263699810227,0.03617823246603086
50,hemopi2_all,Test MSE,GPR + N-gram,GPR + Physchem,0.38363788282983124,0.025889060016267063
75,EC_all_40,Test MSE,GPR + ESM2,GPR + Morgan,0.12248653321350722,-0.08385739107200041
75,EC_all_40,Test MSE,GPR + ESM2,GPR + N-gram,0.005145141381430407,-0.13449272423926506
75,EC_all_40,Test MSE,GPR + ESM2,GPR + Physchem,0.9,0.023558691106822405
75,EC_all_40,Test MSE,GPR + Morgan,GPR + N-gram,0.5142280651351074,-0.05063533316726465
75,EC_all_40,Test MSE,GPR + Morgan,GPR + Physchem,0.03100056622287095,0.10741608217882281
75,EC_all_40,Test MSE,GPR + N-gram,GPR + Physchem,0.001,0.15805141534608746
75,SA_all_40,Test MSE,GPR + ESM2,GPR + Morgan,0.30911577809007484,-0.021644603544720753
75,SA_all_40,Test MSE,GPR + ESM2,GPR + N-gram,0.024528219806109086,-0.03731214542078665
75,SA_all_40,Test MSE,GPR + ESM2,GPR + Physchem,0.3133116917134282,-0.021535620194101712
75,SA_all_40,Test MSE,GPR + Morgan,GPR + N-gram,0.5743223695135596,-0.015667541876065894
75,SA_all_40,Test MSE,GPR + Morgan,GPR + Physchem,0.9,0.00010898335061904074
75,SA_all_40,Test MSE,GPR + N-gram,GPR + Physchem,0.5694220825219145,0.015776525226684934
75,PA_all_40,Test MSE,GPR + ESM2,GPR + Morgan,0.3060705061222121,-0.03136963941566673
75,PA_all_40,Test MSE,GPR + ESM2,GPR + N-gram,0.3141856419671385,-0.031064791669060954
75,PA_all_40,Test MSE,GPR + ESM2,GPR + Physchem,0.2855320239977418,0.0321616687042654
75,PA_all_40,Test MSE,GPR + Morgan,GPR + N-gram,0.9,0.0003048477466057742
75,PA_all_40,Test MSE,GPR + Morgan,GPR + Physchem,0.0065353732359687555,0.06353130811993213
75,PA_all_40,Test MSE,GPR + N-gram,GPR + Physchem,0.006824425877757334,0.06322646037332635
75,hemopi2_all,Test MSE,GPR + ESM2,GPR + Morgan,0.012244069182837825,-0.046348860727645325
75,hemopi2_all,Test MSE,GPR + ESM2,GPR + N-gram,0.08620837153427408,-0.03436668013344635
75,hemopi2_all,Test MSE,GPR + ESM2,GPR + Physchem,0.12111146827645836,-0.032003356856091625
75,hemopi2_all,Test MSE,GPR + Morgan,GPR + N-gram,0.8036298176002507,0.011982180594198977
75,hemopi2_all,Test MSE,GPR + Morgan,GPR + Physchem,0.7098572478664495,0.0143455038715537
75,hemopi2_all,Test MSE,GPR + N-gram,GPR + Physchem,0.9,0.002363323277354723
100,EC_all_40,Test MSE,GPR + ESM2,GPR + Morgan,0.001,-0.1078140626769824
100,EC_all_40,Test MSE,GPR + ESM2,GPR + N-gram,0.001,-0.14540594330268325
100,EC_all_40,Test MSE,GPR + ESM2,GPR + Physchem,0.8856176445494949,-0.01339487377281623
100,EC_all_40,Test MSE,GPR + Morgan,GPR + N-gram,0.2101214748714284,-0.037591880625700846
100,EC_all_40,Test MSE,GPR + Morgan,GPR + Physchem,0.001,0.09441918890416617
100,EC_all_40,Test MSE,GPR + N-gram,GPR + Physchem,0.001,0.13201106952986702
100,SA_all_40,Test MSE,GPR + ESM2,GPR + Morgan,0.001,-0.062383722317571055
100,SA_all_40,Test MSE,GPR + ESM2,GPR + N-gram,0.001,-0.07681588789536098
100,SA_all_40,Test MSE,GPR + ESM2,GPR + Physchem,0.31210607769464327,-0.023575552622174367
100,SA_all_40,Test MSE,GPR + Morgan,GPR + N-gram,0.6852089844221063,-0.014432165577789924
100,SA_all_40,Test MSE,GPR + Morgan,GPR + Physchem,0.034463023437511064,0.03880816969539669
100,SA_all_40,Test MSE,GPR + N-gram,GPR + Physchem,0.002456227858501081,0.05324033527318661
100,PA_all_40,Test MSE,GPR + ESM2,GPR + Morgan,0.07310853061633171,-0.05811143966051957
100,PA_all_40,Test MSE,GPR + ESM2,GPR + N-gram,0.1969806698759763,-0.046431846724715564
100,PA_all_40,Test MSE,GPR + ESM2,GPR + Physchem,0.9,0.01210062659906308
100,PA_all_40,Test MSE,GPR + Morgan,GPR + N-gram,0.9,0.011679592935804006
100,PA_all_40,Test MSE,GPR + Morgan,GPR + Physchem,0.022329098444852535,0.07021206625958265
100,PA_all_40,Test MSE,GPR + N-gram,GPR + Physchem,0.07031714982486637,0.058532473323778644
100,hemopi2_all,Test MSE,GPR + ESM2,GPR + Morgan,0.011391083851175043,-0.07259514137820616
100,hemopi2_all,Test MSE,GPR + ESM2,GPR + N-gram,0.018094280314763234,-0.06845792344768908
100,hemopi2_all,Test MSE,GPR + ESM2,GPR + Physchem,0.9,-0.012862665350374725
100,hemopi2_all,Test MSE,GPR + Morgan,GPR + N-gram,0.9,0.004137217930517079
100,hemopi2_all,Test MSE,GPR + Morgan,GPR + Physchem,0.04585149828592827,0.05973247602783144
100,hemopi2_all,Test MSE,GPR + N-gram,GPR + Physchem,0.06945736928101964,0.05559525809731436
200,EC_all_40,Test MSE,GPR + ESM2,GPR + Morgan,0.001,-0.10361328464690434
200,EC_all_40,Test MSE,GPR + ESM2,GPR + N-gram,0.001,-0.11756123291196818
200,EC_all_40,Test MSE,GPR + ESM2,GPR + Physchem,0.9,0.002119390908513874
200,EC_all_40,Test MSE,GPR + Morgan,GPR + N-gram,0.7976544678807379,-0.013947948265063848
200,EC_all_40,Test MSE,GPR + Morgan,GPR + Physchem,0.001,0.10573267555541821
200,EC_all_40,Test MSE,GPR + N-gram,GPR + Physchem,0.001,0.11968062382048206
200,SA_all_40,Test MSE,GPR + ESM2,GPR + Morgan,0.001,-0.06543258876372715
200,SA_all_40,Test MSE,GPR + ESM2,GPR + N-gram,0.001,-0.07493649747664533
200,SA_all_40,Test MSE,GPR + ESM2,GPR + Physchem,0.16274364546501152,-0.020161941968669606
200,SA_all_40,Test MSE,GPR + Morgan,GPR + N-gram,0.7212361575860351,-0.009503908712918174
200,SA_all_40,Test MSE,GPR + Morgan,GPR + Physchem,0.001,0.045270646795057545
200,SA_all_40,Test MSE,GPR + N-gram,GPR + Physchem,0.001,0.05477455550797572
200,PA_all_40,Test MSE,GPR + ESM2,GPR + Morgan,0.001,-0.08292405176370043
200,PA_all_40,Test MSE,GPR + ESM2,GPR + N-gram,0.001,-0.06823738244197197
200,PA_all_40,Test MSE,GPR + ESM2,GPR + Physchem,0.9,0.00951250299599693
200,PA_all_40,Test MSE,GPR + Morgan,GPR + N-gram,0.7505353011067923,0.014686669321728463
200,PA_all_40,Test MSE,GPR + Morgan,GPR + Physchem,0.001,0.09243655475969736
200,PA_all_40,Test MSE,GPR + N-gram,GPR + Physchem,0.001,0.0777498854379689
200,hemopi2_all,Test MSE,GPR + ESM2,GPR + Morgan,0.001,-0.0943338479178219
200,hemopi2_all,Test MSE,GPR + ESM2,GPR + N-gram,0.001,-0.07072486875344741
200,hemopi2_all,Test MSE,GPR + ESM2,GPR + Physchem,0.010502252583509897,-0.034723729137514814
200,hemopi2_all,Test MSE,GPR + Morgan,GPR + N-gram,0.11937526299664891,0.02360897916437449
200,hemopi2_all,Test MSE,GPR + Morgan,GPR + Physchem,0.001,0.059610118780307086
200,hemopi2_all,Test MSE,GPR + N-gram,GPR + Physchem,0.007707313477822053,0.0360011396159326
350,EC_all_40,Test MSE,GPR + ESM2,GPR + Morgan,0.001,-0.1301371188895114
350,EC_all_40,Test MSE,GPR + ESM2,GPR + N-gram,0.001,-0.1277539662279582
350,EC_all_40,Test MSE,GPR + ESM2,GPR + Physchem,0.9,-0.0023823620777636
350,EC_all_40,Test MSE,GPR + Morgan,GPR + N-gram,0.9,0.0023831526615532006
350,EC_all_40,Test MSE,GPR + Morgan,GPR + Physchem,0.001,0.1277547568117478
350,EC_all_40,Test MSE,GPR + N-gram,GPR + Physchem,0.001,0.1253716041501946
350,SA_all_40,Test MSE,GPR + ESM2,GPR + Morgan,0.001,-0.07921187709869781
350,SA_all_40,Test MSE,GPR + ESM2,GPR + N-gram,0.001,-0.07712871680168698
350,SA_all_40,Test MSE,GPR + ESM2,GPR + Physchem,0.00579562431644054,-0.028133060476211558
350,SA_all_40,Test MSE,GPR + Morgan,GPR + N-gram,0.9,0.002083160297010833
350,SA_all_40,Test MSE,GPR + Morgan,GPR + Physchem,0.001,0.051078816622486256
350,SA_all_40,Test MSE,GPR + N-gram,GPR + Physchem,0.001,0.04899565632547542
350,PA_all_40,Test MSE,GPR + ESM2,GPR + Morgan,0.001,-0.10930020212852581
350,PA_all_40,Test MSE,GPR + ESM2,GPR + N-gram,0.001,-0.09959859190406478
350,PA_all_40,Test MSE,GPR + ESM2,GPR + Physchem,0.9,-0.0035571646554690695
350,PA_all_40,Test MSE,GPR + Morgan,GPR + N-gram,0.9,0.009701610224461032
350,PA_all_40,Test MSE,GPR + Morgan,GPR + Physchem,0.001,0.10574303747305674
350,PA_all_40,Test MSE,GPR + N-gram,GPR + Physchem,0.001,0.09604142724859571
350,hemopi2_all,Test MSE,GPR + ESM2,GPR + Morgan,0.001,-0.12079346355070503
350,hemopi2_all,Test MSE,GPR + ESM2,GPR + N-gram,0.001,-0.09746290005108349
350,hemopi2_all,Test MSE,GPR + ESM2,GPR + Physchem,0.001,-0.04866124686539813
350,hemopi2_all,Test MSE,GPR + Morgan,GPR + N-gram,0.1715380420296695,0.023330563499621537
350,hemopi2_all,Test MSE,GPR + Morgan,GPR + Physchem,0.001,0.0721322166853069
350,hemopi2_all,Test MSE,GPR + N-gram,GPR + Physchem,0.001,0.048801653185685356
500,EC_all_40,Test MSE,GPR + ESM2,GPR + Morgan,0.001,-0.12808743013263457
500,EC_all_40,Test MSE,GPR + ESM2,GPR + N-gram,0.001,-0.12773828464085835
500,EC_all_40,Test MSE,GPR + ESM2,GPR + Physchem,0.9,-0.008390009511108687
500,EC_all_40,Test MSE,GPR + Morgan,GPR + N-gram,0.9,0.000349145491776226
500,EC_all_40,Test MSE,GPR + Morgan,GPR + Physchem,0.001,0.11969742062152589
500,EC_all_40,Test MSE,GPR + N-gram,GPR + Physchem,0.001,0.11934827512974966
500,SA_all_40,Test MSE,GPR + ESM2,GPR + Morgan,0.001,-0.08744616896028817
500,SA_all_40,Test MSE,GPR + ESM2,GPR + N-gram,0.001,-0.09372839553305384
500,SA_all_40,Test MSE,GPR + ESM2,GPR + Physchem,0.001,-0.030864568804098602
500,SA_all_40,Test MSE,GPR + Morgan,GPR + N-gram,0.6902714372938836,-0.00628222657276567
500,SA_all_40,Test MSE,GPR + Morgan,GPR + Physchem,0.001,0.05658160015618957
500,SA_all_40,Test MSE,GPR + N-gram,GPR + Physchem,0.001,0.06286382672895524
500,PA_all_40,Test MSE,GPR + ESM2,GPR + Morgan,0.001,-0.11733449652910621
500,PA_all_40,Test MSE,GPR + ESM2,GPR + N-gram,0.001,-0.11254854140460557
500,PA_all_40,Test MSE,GPR + ESM2,GPR + Physchem,0.2167220868640164,-0.021807651417325713
500,PA_all_40,Test MSE,GPR + Morgan,GPR + N-gram,0.9,0.00478595512450064
500,PA_all_40,Test MSE,GPR + Morgan,GPR + Physchem,0.001,0.0955268451117805
500,PA_all_40,Test MSE,GPR + N-gram,GPR + Physchem,0.001,0.09074088998727986
500,hemopi2_all,Test MSE,GPR + ESM2,GPR + Morgan,0.001,-0.12841865241547207
500,hemopi2_all,Test MSE,GPR + ESM2,GPR + N-gram,0.001,-0.11066459273379775
500,hemopi2_all,Test MSE,GPR + ESM2,GPR + Physchem,0.001,-0.05996214583218934
500,hemopi2_all,Test MSE,GPR + Morgan,GPR + N-gram,0.30686148124666346,0.017754059681674317
500,hemopi2_all,Test MSE,GPR + Morgan,GPR + Physchem,0.001,0.06845650658328273
500,hemopi2_all,Test MSE,GPR + N-gram,GPR + Physchem,0.001,0.05070244690160841
20,EC_all_40,Test RMSE,GPR + ESM2,GPR + Morgan,0.8302957664525906,-0.032791904067246636
20,EC_all_40,Test RMSE,GPR + ESM2,GPR + N-gram,0.9,0.017876701975019782
20,EC_all_40,Test RMSE,GPR + ESM2,GPR + Physchem,0.7993213158348214,-0.035055088992343
20,EC_all_40,Test RMSE,GPR + Morgan,GPR + N-gram,0.5856414954020137,0.05066860604226642
20,EC_all_40,Test RMSE,GPR + Morgan,GPR + Physchem,0.9,-0.002263184925096362
20,EC_all_40,Test RMSE,GPR + N-gram,GPR + Physchem,0.5546685011424229,-0.05293179096736278
20,SA_all_40,Test RMSE,GPR + ESM2,GPR + Morgan,0.9,0.016977122770716946
20,SA_all_40,Test RMSE,GPR + ESM2,GPR + N-gram,0.9,0.018120401162735944
20,SA_all_40,Test RMSE,GPR + ESM2,GPR + Physchem,0.5150996272323096,0.04923902371952915
20,SA_all_40,Test RMSE,GPR + Morgan,GPR + N-gram,0.9,0.0011432783920189982
20,SA_all_40,Test RMSE,GPR + Morgan,GPR + Physchem,0.7785111730654986,0.032261900948812205
20,SA_all_40,Test RMSE,GPR + N-gram,GPR + Physchem,0.7962490991360636,0.031118622556793207
20,PA_all_40,Test RMSE,GPR + ESM2,GPR + Morgan,0.9,0.006068542575480174
20,PA_all_40,Test RMSE,GPR + ESM2,GPR + N-gram,0.9,0.008631626357620381
20,PA_all_40,Test RMSE,GPR + ESM2,GPR + Physchem,0.9,-0.0005250360552712108
20,PA_all_40,Test RMSE,GPR + Morgan,GPR + N-gram,0.9,0.0025630837821402075
20,PA_all_40,Test RMSE,GPR + Morgan,GPR + Physchem,0.9,-0.006593578630751384
20,PA_all_40,Test RMSE,GPR + N-gram,GPR + Physchem,0.9,-0.009156662412891592
20,hemopi2_all,Test RMSE,GPR + ESM2,GPR + Morgan,0.3133716999323086,-0.017306762950193177
20,hemopi2_all,Test RMSE,GPR + ESM2,GPR + N-gram,0.5482746354307785,-0.013057299270006206
20,hemopi2_all,Test RMSE,GPR + ESM2,GPR + Physchem,0.9,-0.005053532932437599
20,hemopi2_all,Test RMSE,GPR + Morgan,GPR + N-gram,0.9,0.004249463680186971
20,hemopi2_all,Test RMSE,GPR + Morgan,GPR + Physchem,0.5932784087392582,0.012253230017755579
20,hemopi2_all,Test RMSE,GPR + N-gram,GPR + Physchem,0.8311147936808939,0.008003766337568607
50,EC_all_40,Test RMSE,GPR + ESM2,GPR + Morgan,0.3328595212264318,-0.04244522368909742
50,EC_all_40,Test RMSE,GPR + ESM2,GPR + N-gram,0.8974029610113735,-0.017115659964629937
50,EC_all_40,Test RMSE,GPR + ESM2,GPR + Physchem,0.40296366163646036,0.039172138179310756
50,EC_all_40,Test RMSE,GPR + Morgan,GPR + N-gram,0.7142383599581714,0.025329563724467485
50,EC_all_40,Test RMSE,GPR + Morgan,GPR + Physchem,0.013315381642506785,0.08161736186840818
50,EC_all_40,Test RMSE,GPR + N-gram,GPR + Physchem,0.1272005956182738,0.05628779814394069
50,SA_all_40,Test RMSE,GPR + ESM2,GPR + Morgan,0.9,-0.00038805669017916156
50,SA_all_40,Test RMSE,GPR + ESM2,GPR + N-gram,0.9,-0.005468662651563205
50,SA_all_40,Test RMSE,GPR + ESM2,GPR + Physchem,0.4703856342604149,0.01868793692390347
50,SA_all_40,Test RMSE,GPR + Morgan,GPR + N-gram,0.9,-0.005080605961384044
50,SA_all_40,Test RMSE,GPR + Morgan,GPR + Physchem,0.4530342381897453,0.01907599361408263
50,SA_all_40,Test RMSE,GPR + N-gram,GPR + Physchem,0.25241063960908183,0.024156599575466675
50,PA_all_40,Test RMSE,GPR + ESM2,GPR + Morgan,0.8456601236333817,-0.0084745093717834
50,PA_all_40,Test RMSE,GPR + ESM2,GPR + N-gram,0.9,-0.0002273385662027172
50,PA_all_40,Test RMSE,GPR + ESM2,GPR + Physchem,0.9,0.00017162749541954625
50,PA_all_40,Test RMSE,GPR + Morgan,GPR + N-gram,0.8572884086230167,0.008247170805580684
50,PA_all_40,Test RMSE,GPR + Morgan,GPR + Physchem,0.8368818873987942,0.008646136867202947
50,PA_all_40,Test RMSE,GPR + N-gram,GPR + Physchem,0.9,0.00039896606162226345
50,hemopi2_all,Test RMSE,GPR + ESM2,GPR + Morgan,0.06651901198056087,-0.029615225037011417
50,hemopi2_all,Test RMSE,GPR + ESM2,GPR + N-gram,0.22404646743122592,-0.02240738951232446
50,hemopi2_all,Test RMSE,GPR + ESM2,GPR + Physchem,0.9,-0.004161707004048498
50,hemopi2_all,Test RMSE,GPR + Morgan,GPR + N-gram,0.9,0.007207835524686956
50,hemopi2_all,Test RMSE,GPR + Morgan,GPR + Physchem,0.13844477630133223,0.02545351803296292
50,hemopi2_all,Test RMSE,GPR + N-gram,GPR + Physchem,0.39416847109929676,0.018245682508275962
75,EC_all_40,Test RMSE,GPR + ESM2,GPR + Morgan,0.07973944762934171,-0.05691589105340733
75,EC_all_40,Test RMSE,GPR + ESM2,GPR + N-gram,0.0038023646145725065,-0.08620469909290251
75,EC_all_40,Test RMSE,GPR + ESM2,GPR + Physchem,0.893833135383469,0.015836486204787392
75,EC_all_40,Test RMSE,GPR + Morgan,GPR + N-gram,0.5665931940682919,-0.029288808039495184
75,EC_all_40,Test RMSE,GPR + Morgan,GPR + Physchem,0.016583379250045716,0.07275237725819472
75,EC_all_40,Test RMSE,GPR + N-gram,GPR + Physchem,0.001,0.10204118529768991
75,SA_all_40,Test RMSE,GPR + ESM2,GPR + Morgan,0.3187806218823189,-0.013893893342996733
75,SA_all_40,Test RMSE,GPR + ESM2,GPR + N-gram,0.02783303763003231,-0.02379744168004927
75,SA_all_40,Test RMSE,GPR + ESM2,GPR + Physchem,0.3198082981740472,-0.013876774938720304
75,SA_all_40,Test RMSE,GPR + Morgan,GPR + N-gram,0.5930991652430697,-0.009903548337052537
75,SA_all_40,Test RMSE,GPR + Morgan,GPR + Physchem,0.9,1.71184042764283e-05
75,SA_all_40,Test RMSE,GPR + N-gram,GPR + Physchem,0.591914999762495,0.009920666741328965
75,PA_all_40,Test RMSE,GPR + ESM2,GPR + Morgan,0.2457172427653329,-0.02159941992033032
75,PA_all_40,Test RMSE,GPR + ESM2,GPR + N-gram,0.27204450301599514,-0.02089393224911562
75,PA_all_40,Test RMSE,GPR + ESM2,GPR + Physchem,0.31490933976261337,0.01983161259544941
75,PA_all_40,Test RMSE,GPR + Morgan,GPR + N-gram,0.9,0.0007054876712146996
75,PA_all_40,Test RMSE,GPR + Morgan,GPR + Physchem,0.005425057867394001,0.04143103251577973
75,PA_all_40,Test RMSE,GPR + N-gram,GPR + Physchem,0.006347449614081846,0.04072554484456503
75,hemopi2_all,Test RMSE,GPR + ESM2,GPR + Morgan,0.009816749689611215,-0.03365376422225963
75,hemopi2_all,Test RMSE,GPR + ESM2,GPR + N-gram,0.0665179555568074,-0.0255166395567068
75,hemopi2_all,Test RMSE,GPR + ESM2,GPR + Physchem,0.10950063537701082,-0.02312771359368171
75,hemopi2_all,Test RMSE,GPR + Morgan,GPR + N-gram,0.822377953668353,0.00813712466555283
75,hemopi2_all,Test RMSE,GPR + Morgan,GPR + Physchem,0.6882953509436702,0.010526050628577921
75,hemopi2_all,Test RMSE,GPR + N-gram,GPR + Physchem,0.9,0.0023889259630250903
100,EC_all_40,Test RMSE,GPR + ESM2,GPR + Morgan,0.001,-0.0746218173747345
100,EC_all_40,Test RMSE,GPR + ESM2,GPR + N-gram,0.001,-0.09873149835838624
100,EC_all_40,Test RMSE,GPR + ESM2,GPR + Physchem,0.8517721445055522,-0.009490753347170089
100,EC_all_40,Test RMSE,GPR + Morgan,GPR + N-gram,0.22272681302590647,-0.024109680983651738
100,EC_all_40,Test RMSE,GPR + Morgan,GPR + Physchem,0.001,0.06513106402756441
100,EC_all_40,Test RMSE,GPR + N-gram,GPR + Physchem,0.001,0.08924074501121615
100,SA_all_40,Test RMSE,GPR + ESM2,GPR + Morgan,0.001,-0.04043512724310472
100,SA_all_40,Test RMSE,GPR + ESM2,GPR + N-gram,0.001,-0.049784547069434915
100,SA_all_40,Test RMSE,GPR + ESM2,GPR + Physchem,0.3088489135251864,-0.015449716132156843
100,SA_all_40,Test RMSE,GPR + Morgan,GPR + N-gram,0.6897053893682354,-0.009349419826330196
100,SA_all_40,Test RMSE,GPR + Morgan,GPR + Physchem,0.03770142500922358,0.024985411110947875
100,SA_all_40,Test RMSE,GPR + N-gram,GPR + Physchem,0.002781975356601296,0.03433483093727807
100,PA_all_40,Test RMSE,GPR + ESM2,GPR + Morgan,0.04396253897932323,-0.03942942912042091
100,PA_all_40,Test RMSE,GPR + ESM2,GPR + N-gram,0.1456171603555153,-0.031198400695489847
100,PA_all_40,Test RMSE,GPR + ESM2,GPR + Physchem,0.9,0.006442160813001752
100,PA_all_40,Test RMSE,GPR + Morgan,GPR + N-gram,0.9,0.008231028424931064
100,PA_all_40,Test RMSE,GPR + Morgan,GPR + Physchem,0.015302428462870887,0.04587158993342266
100,PA_all_40,Test RMSE,GPR + N-gram,GPR + Physchem,0.05799445295935435,0.0376405615084916
100,hemopi2_all,Test RMSE,GPR + ESM2,GPR + Morgan,0.0076502774060948076,-0.05245650869431939
100,hemopi2_all,Test RMSE,GPR + ESM2,GPR + N-gram,0.01410042397279243,-0.04875165350703059
100,hemopi2_all,Test RMSE,GPR + ESM2,GPR + Physchem,0.9,-0.009889259234499237
100,hemopi2_all,Test RMSE,GPR + Morgan,GPR + N-gram,0.9,0.0037048551872888025
100,hemopi2_all,Test RMSE,GPR + Morgan,GPR + Physchem,0.037284928288400465,0.042567249459820156
100,hemopi2_all,Test RMSE,GPR + N-gram,GPR + Physchem,0.06441553052114568,0.03886239427253135
200,EC_all_40,Test RMSE,GPR + ESM2,GPR + Morgan,0.001,-0.0731522809833165
200,EC_all_40,Test RMSE,GPR + ESM2,GPR + N-gram,0.001,-0.08098221576270637
200,EC_all_40,Test RMSE,GPR + ESM2,GPR + Physchem,0.9,0.00229058554520023
200,EC_all_40,Test RMSE,GPR + Morgan,GPR + N-gram,0.8537129913945706,-0.007829934779389869
200,EC_all_40,Test RMSE,GPR + Morgan,GPR + Physchem,0.001,0.07544286652851673
200,EC_all_40,Test RMSE,GPR + N-gram,GPR + Physchem,0.001,0.0832728013079066
200,SA_all_40,Test RMSE,GPR + ESM2,GPR + Morgan,0.001,-0.04448663161530375
200,SA_all_40,Test RMSE,GPR + ESM2,GPR + N-gram,0.001,-0.050538532027427086
200,SA_all_40,Test RMSE,GPR + ESM2,GPR + Physchem,0.13706474379631794,-0.01415756838836657
200,SA_all_40,Test RMSE,GPR + Morgan,GPR + N-gram,0.7516787080217184,-0.006051900412123334
200,SA_all_40,Test RMSE,GPR + Morgan,GPR + Physchem,0.001,0.03032906322693718
200,SA_all_40,Test RMSE,GPR + N-gram,GPR + Physchem,0.001,0.036380963639060515
200,PA_all_40,Test RMSE,GPR + ESM2,GPR + Morgan,0.001,-0.055763345669020414
200,PA_all_40,Test RMSE,GPR + ESM2,GPR + N-gram,0.001,-0.04629284388202226
200,PA_all_40,Test RMSE,GPR + ESM2,GPR + Physchem,0.9,0.006337653087852391
200,PA_all_40,Test RMSE,GPR + Morgan,GPR + N-gram,0.766124391233139,0.009470501786998153
200,PA_all_40,Test RMSE,GPR + Morgan,GPR + Physchem,0.001,0.062100998756872805
200,PA_all_40,Test RMSE,GPR + N-gram,GPR + Physchem,0.001,0.05263049696987465
200,hemopi2_all,Test RMSE,GPR + ESM2,GPR + Morgan,0.001,-0.07210006353141907
200,hemopi2_all,Test RMSE,GPR + ESM2,GPR + N-gram,0.001,-0.05505649605347185
200,hemopi2_all,Test RMSE,GPR + ESM2,GPR + Physchem,0.006773932379668279,-0.02764088384525376
200,hemopi2_all,Test RMSE,GPR + Morgan,GPR + N-gram,0.14601726782839863,0.01704356747794722
200,hemopi2_all,Test RMSE,GPR + Morgan,GPR + Physchem,0.001,0.04445917968616531
200,hemopi2_all,Test RMSE,GPR + N-gram,GPR + Physchem,0.007282899982655855,0.027415612208218088
350,EC_all_40,Test RMSE,GPR + ESM2,GPR + Morgan,0.001,-0.0930108495419546
350,EC_all_40,Test RMSE,GPR + ESM2,GPR + N-gram,0.001,-0.0904770305252992
350,EC_all_40,Test RMSE,GPR + ESM2,GPR + Physchem,0.9,-0.0010951474136857708
350,EC_all_40,Test RMSE,GPR + Morgan,GPR + N-gram,0.9,0.002533819016655392
350,EC_all_40,Test RMSE,GPR + Morgan,GPR + Physchem,0.001,0.09191570212826883
350,EC_all_40,Test RMSE,GPR + N-gram,GPR + Physchem,0.001,0.08938188311161344
350,SA_all_40,Test RMSE,GPR + ESM2,GPR + Morgan,0.001,-0.05468016966547462
350,SA_all_40,Test RMSE,GPR + ESM2,GPR + N-gram,0.001,-0.05314379114753287
350,SA_all_40,Test RMSE,GPR + ESM2,GPR + Physchem,0.0034321144111574275,-0.020010714445312328
350,SA_all_40,Test RMSE,GPR + Morgan,GPR + N-gram,0.9,0.00153637851794175
350,SA_all_40,Test RMSE,GPR + Morgan,GPR + Physchem,0.001,0.03466945522016229
350,SA_all_40,Test RMSE,GPR + N-gram,GPR + Physchem,0.001,0.03313307670222054
350,PA_all_40,Test RMSE,GPR + ESM2,GPR + Morgan,0.001,-0.07560190974639569
350,PA_all_40,Test RMSE,GPR + ESM2,GPR + N-gram,0.001,-0.06903668846049149
350,PA_all_40,Test RMSE,GPR + ESM2,GPR + Physchem,0.9,-0.002790486094992106
350,PA_all_40,Test RMSE,GPR + Morgan,GPR + N-gram,0.9,0.006565221285904199
350,PA_all_40,Test RMSE,GPR + Morgan,GPR + Physchem,0.001,0.07281142365140358
350,PA_all_40,Test RMSE,GPR + N-gram,GPR + Physchem,0.001,0.06624620236549938
350,hemopi2_all,Test RMSE,GPR + ESM2,GPR + Morgan,0.001,-0.09477373788926913
350,hemopi2_all,Test RMSE,GPR + ESM2,GPR + N-gram,0.001,-0.07790908610077862
350,hemopi2_all,Test RMSE,GPR + ESM2,GPR + Physchem,0.001,-0.039190790546442034
350,hemopi2_all,Test RMSE,GPR + Morgan,GPR + N-gram,0.20149282153149384,0.016864651788490503
350,hemopi2_all,Test RMSE,GPR + Morgan,GPR + Physchem,0.001,0.055582947342827094
350,hemopi2_all,Test RMSE,GPR + N-gram,GPR + Physchem,0.001,0.03871829555433659
500,EC_all_40,Test RMSE,GPR + ESM2,GPR + Morgan,0.001,-0.09315368882538966
500,EC_all_40,Test RMSE,GPR + ESM2,GPR + N-gram,0.001,-0.09177691786628805
500,EC_all_40,Test RMSE,GPR + ESM2,GPR + Physchem,0.9,-0.005775601158284127
500,EC_all_40,Test RMSE,GPR + Morgan,GPR + N-gram,0.9,0.001376770959101603
500,EC_all_40,Test RMSE,GPR + Morgan,GPR + Physchem,0.001,0.08737808766710553
500,EC_all_40,Test RMSE,GPR + N-gram,GPR + Physchem,0.001,0.08600131670800393
500,SA_all_40,Test RMSE,GPR + ESM2,GPR + Morgan,0.001,-0.06145362151081768
500,SA_all_40,Test RMSE,GPR + ESM2,GPR + N-gram,0.001,-0.06549081069622076
500,SA_all_40,Test RMSE,GPR + ESM2,GPR + Physchem,0.001,-0.022384560406311205
500,SA_all_40,Test RMSE,GPR + Morgan,GPR + N-gram,0.7284029764200293,-0.004037189185403078
500,SA_all_40,Test RMSE,GPR + Morgan,GPR + Physchem,0.001,0.039069061104506475
500,SA_all_40,Test RMSE,GPR + N-gram,GPR + Physchem,0.001,0.04310625028990955
500,PA_all_40,Test RMSE,GPR + ESM2,GPR + Morgan,0.001,-0.08269889737196412
500,PA_all_40,Test RMSE,GPR + ESM2,GPR + N-gram,0.001,-0.07922026316776731
500,PA_all_40,Test RMSE,GPR + ESM2,GPR + Physchem,0.18363757026807204,-0.016139756772402092
500,PA_all_40,Test RMSE,GPR + Morgan,GPR + N-gram,0.9,0.0034786342041968066
500,PA_all_40,Test RMSE,GPR + Morgan,GPR + Physchem,0.001,0.06655914059956203
500,PA_all_40,Test RMSE,GPR + N-gram,GPR + Physchem,0.001,0.06308050639536522
500,hemopi2_all,Test RMSE,GPR + ESM2,GPR + Morgan,0.001,-0.10214881815901378
500,hemopi2_all,Test RMSE,GPR + ESM2,GPR + N-gram,0.001,-0.08962709240709232
500,hemopi2_all,Test RMSE,GPR + ESM2,GPR + Physchem,0.001,-0.04964856690001185
500,hemopi2_all,Test RMSE,GPR + Morgan,GPR + N-gram,0.35912075007244304,0.012521725751921453
500,hemopi2_all,Test RMSE,GPR + Morgan,GPR + Physchem,0.001,0.05250025125900193
500,hemopi2_all,Test RMSE,GPR + N-gram,GPR + Physchem,0.001,0.039978525507080476
20,EC_all_40,Test MAE,GPR + ESM2,GPR + Morgan,0.8618650918473719,-0.022416709595616258
20,EC_all_40,Test MAE,GPR + ESM2,GPR + N-gram,0.9,0.017455726695635443
20,EC_all_40,Test MAE,GPR + ESM2,GPR + Physchem,0.9,-0.01936045758682714
20,EC_all_40,Test MAE,GPR + Morgan,GPR + N-gram,0.5369842740305085,0.0398724362912517
20,EC_all_40,Test MAE,GPR + Morgan,GPR + Physchem,0.9,0.0030562520087891176
20,EC_all_40,Test MAE,GPR + N-gram,GPR + Physchem,0.5938684085879948,-0.03681618428246258
20,SA_all_40,Test MAE,GPR + ESM2,GPR + Morgan,0.9,0.015630404324395664
20,SA_all_40,Test MAE,GPR + ESM2,GPR + N-gram,0.9,0.012348411521352243
20,SA_all_40,Test MAE,GPR + ESM2,GPR + Physchem,0.48943931802896157,0.03779214152130217
20,SA_all_40,Test MAE,GPR + Morgan,GPR + N-gram,0.9,-0.003281992803043421
20,SA_all_40,Test MAE,GPR + Morgan,GPR + Physchem,0.8162200558530399,0.022161737196906506
20,SA_all_40,Test MAE,GPR + N-gram,GPR + Physchem,0.7476769137187376,0.025443729999949927
20,PA_all_40,Test MAE,GPR + ESM2,GPR + Morgan,0.9,0.001823789773191642
20,PA_all_40,Test MAE,GPR + ESM2,GPR + N-gram,0.9,0.0030370972604012447
20,PA_all_40,Test MAE,GPR + ESM2,GPR + Physchem,0.9,-0.0038858382532848124
20,PA_all_40,Test MAE,GPR + Morgan,GPR + N-gram,0.9,0.0012133074872096028
20,PA_all_40,Test MAE,GPR + Morgan,GPR + Physchem,0.9,-0.005709628026476454
20,PA_all_40,Test MAE,GPR + N-gram,GPR + Physchem,0.9,-0.006922935513686057
20,hemopi2_all,Test MAE,GPR + ESM2,GPR + Morgan,0.533950766553008,-0.012736959108546109
20,hemopi2_all,Test MAE,GPR + ESM2,GPR + N-gram,0.7704696515064178,-0.008693956468363684
20,hemopi2_all,Test MAE,GPR + ESM2,GPR + Physchem,0.9,-0.0031431728549879967
20,hemopi2_all,Test MAE,GPR + Morgan,GPR + N-gram,0.9,0.004043002640182425
20,hemopi2_all,Test MAE,GPR + Morgan,GPR + Physchem,0.7178311042937542,0.009593786253558112
20,hemopi2_all,Test MAE,GPR + N-gram,GPR + Physchem,0.9,0.005550783613375687
50,EC_all_40,Test MAE,GPR + ESM2,GPR + Morgan,0.32972998972329903,-0.035805403576412376
50,EC_all_40,Test MAE,GPR + ESM2,GPR + N-gram,0.8378001118770466,-0.016632251962060196
50,EC_all_40,Test MAE,GPR + ESM2,GPR + Physchem,0.49734658151741495,0.029461294580228614
50,EC_all_40,Test MAE,GPR + Morgan,GPR + N-gram,0.7703861072041427,0.01917315161435218
50,EC_all_40,Test MAE,GPR + Morgan,GPR + Physchem,0.019552567628355333,0.06526669815664099
50,EC_all_40,Test MAE,GPR + N-gram,GPR + Physchem,0.14230589670585525,0.04609354654228881
50,SA_all_40,Test MAE,GPR + ESM2,GPR + Morgan,0.9,0.0015631683644793393
50,SA_all_40,Test MAE,GPR + ESM2,GPR + N-gram,0.9,-0.0020852198757966844
50,SA_all_40,Test MAE,GPR + ESM2,GPR + Physchem,0.3302854340277027,0.017436101120398728
50,SA_all_40,Test MAE,GPR + Morgan,GPR + N-gram,0.9,-0.0036483882402760237
50,SA_all_40,Test MAE,GPR + Morgan,GPR + Physchem,0.412315016840506,0.01587293275591939
50,SA_all_40,Test MAE,GPR + N-gram,GPR + Physchem,0.23851739038060327,0.019521320996195413
50,PA_all_40,Test MAE,GPR + ESM2,GPR + Morgan,0.6703542366170051,-0.00846810763282524
50,PA_all_40,Test MAE,GPR + ESM2,GPR + N-gram,0.9,0.00024547245085670966
50,PA_all_40,Test MAE,GPR + ESM2,GPR + Physchem,0.9,0.001815214229835882
50,PA_all_40,Test MAE,GPR + Morgan,GPR + N-gram,0.6527073431988917,0.008713580083681949
50,PA_all_40,Test MAE,GPR + Morgan,GPR + Physchem,0.539869511817122,0.010283321862661121
50,PA_all_40,Test MAE,GPR + N-gram,GPR + Physchem,0.9,0.0015697417789791723
50,hemopi2_all,Test MAE,GPR + ESM2,GPR + Morgan,0.05579724730602109,-0.02420990320529859
50,hemopi2_all,Test MAE,GPR + ESM2,GPR + N-gram,0.16924756104022531,-0.019202205947804196
50,hemopi2_all,Test MAE,GPR + ESM2,GPR + Physchem,0.7533549042655083,-0.008616149808851614
50,hemopi2_all,Test MAE,GPR + Morgan,GPR + N-gram,0.9,0.005007697257494392
50,hemopi2_all,Test MAE,GPR + Morgan,GPR + Physchem,0.32837426223668764,0.015593753396446974
50,hemopi2_all,Test MAE,GPR + N-gram,GPR + Physchem,0.6331580896283364,0.010586056138952582
75,EC_all_40,Test MAE,GPR + ESM2,GPR + Morgan,0.013845944956871192,-0.05314685467035185
75,EC_all_40,Test MAE,GPR + ESM2,GPR + N-gram,0.0010409895933223279,-0.06962065691399955
75,EC_all_40,Test MAE,GPR + ESM2,GPR + Physchem,0.9,0.0074483689350680615
75,EC_all_40,Test MAE,GPR + Morgan,GPR + N-gram,0.7176751267342903,-0.016473802243647695
75,EC_all_40,Test MAE,GPR + Morgan,GPR + Physchem,0.004410507041095579,0.06059522360541991
75,EC_all_40,Test MAE,GPR + N-gram,GPR + Physchem,0.001,0.07706902584906761
75,SA_all_40,Test MAE,GPR + ESM2,GPR + Morgan,0.17773833134372397,-0.013882771608147992
75,SA_all_40,Test MAE,GPR + ESM2,GPR + N-gram,0.01698737719891108,-0.02117979542343873
75,SA_all_40,Test MAE,GPR + ESM2,GPR + Physchem,0.39620918808038375,-0.01056786351233674
75,SA_all_40,Test MAE,GPR + Morgan,GPR + N-gram,0.6712504915229878,-0.007297023815290737
75,SA_all_40,Test MAE,GPR + Morgan,GPR + Physchem,0.9,0.003314908095811253
75,SA_all_40,Test MAE,GPR + N-gram,GPR + Physchem,0.39255455971408504,0.01061193191110199
75,PA_all_40,Test MAE,GPR + ESM2,GPR + Morgan,0.4031599532003891,-0.01321671073460795
75,PA_all_40,Test MAE,GPR + ESM2,GPR + N-gram,0.5308166980270717,-0.011324000214147256
75,PA_all_40,Test MAE,GPR + ESM2,GPR + Physchem,0.04322720866642882,0.02332571163826136
75,PA_all_40,Test MAE,GPR + Morgan,GPR + N-gram,0.9,0.0018927105204606942
75,PA_all_40,Test MAE,GPR + Morgan,GPR + Physchem,0.001,0.03654242237286931
75,PA_all_40,Test MAE,GPR + N-gram,GPR + Physchem,0.0015429489052583012,0.034649711852408616
75,hemopi2_all,Test MAE,GPR + ESM2,GPR + Morgan,0.04877207448380072,-0.02533692150891076
75,hemopi2_all,Test MAE,GPR + ESM2,GPR + N-gram,0.03149407327844678,-0.027140584103903742
75,hemopi2_all,Test MAE,GPR + ESM2,GPR + Physchem,0.0686701644311628,-0.023873257867697673
75,hemopi2_all,Test MAE,GPR + Morgan,GPR + N-gram,0.9,-0.001803662594992983
75,hemopi2_all,Test MAE,GPR + Morgan,GPR + Physchem,0.9,0.0014636636412130866
75,hemopi2_all,Test MAE,GPR + N-gram,GPR + Physchem,0.9,0.0032673262362060695
100,EC_all_40,Test MAE,GPR + ESM2,GPR + Morgan,0.001,-0.06323966761463584
100,EC_all_40,Test MAE,GPR + ESM2,GPR + N-gram,0.001,-0.08530993451526148
100,EC_all_40,Test MAE,GPR + ESM2,GPR + Physchem,0.7538829843409732,-0.00876191689892536
100,EC_all_40,Test MAE,GPR + Morgan,GPR + N-gram,0.10003813277445062,-0.022070266900625635
100,EC_all_40,Test MAE,GPR + Morgan,GPR + Physchem,0.001,0.05447775071571048
100,EC_all_40,Test MAE,GPR + N-gram,GPR + Physchem,0.001,0.07654801761633612
100,SA_all_40,Test MAE,GPR + ESM2,GPR + Morgan,0.001,-0.03534484870372079
100,SA_all_40,Test MAE,GPR + ESM2,GPR + N-gram,0.001,-0.04260093606617554
100,SA_all_40,Test MAE,GPR + ESM2,GPR + Physchem,0.414428063782707,-0.01136579744738786
100,SA_all_40,Test MAE,GPR + Morgan,GPR + N-gram,0.7286673639422769,-0.007256087362454755
100,SA_all_40,Test MAE,GPR + Morgan,GPR + Physchem,0.013380585376105647,0.02397905125633293
100,SA_all_40,Test MAE,GPR + N-gram,GPR + Physchem,0.00105943015825527,0.031235138618787683
100,PA_all_40,Test MAE,GPR + ESM2,GPR + Morgan,0.0880399521062839,-0.02703380570203129
100,PA_all_40,Test MAE,GPR + ESM2,GPR + N-gram,0.3016213486685352,-0.019558284373099477
100,PA_all_40,Test MAE,GPR + ESM2,GPR + Physchem,0.7344169057133809,0.010842892658532444
100,PA_all_40,Test MAE,GPR + Morgan,GPR + N-gram,0.9,0.007475521328931811
100,PA_all_40,Test MAE,GPR + Morgan,GPR + Physchem,0.009229494272617433,0.03787669836056373
100,PA_all_40,Test MAE,GPR + N-gram,GPR + Physchem,0.045760966019418814,0.03040117703163192
100,hemopi2_all,Test MAE,GPR + ESM2,GPR + Morgan,0.0011362775571633899,-0.04665462997921166
100,hemopi2_all,Test MAE,GPR + ESM2,GPR + N-gram,0.001,-0.04934901973833461
100,hemopi2_all,Test MAE,GPR + ESM2,GPR + Physchem,0.5459335124740152,-0.014529753911498133
100,hemopi2_all,Test MAE,GPR + Morgan,GPR + N-gram,0.9,-0.0026943897591229504
100,hemopi2_all,Test MAE,GPR + Morgan,GPR + Physchem,0.03120229010765385,0.032124876067713526
100,hemopi2_all,Test MAE,GPR + N-gram,GPR + Physchem,0.017536025107753095,0.034819265826836476
200,EC_all_40,Test MAE,GPR + ESM2,GPR + Morgan,0.001,-0.06196852124511221
200,EC_all_40,Test MAE,GPR + ESM2,GPR + N-gram,0.001,-0.07110005037336986
200,EC_all_40,Test MAE,GPR + ESM2,GPR + Physchem,0.9,0.0006618010782235562
200,EC_all_40,Test MAE,GPR + Morgan,GPR + N-gram,0.615136432595587,-0.009131529128257654
200,EC_all_40,Test MAE,GPR + Morgan,GPR + Physchem,0.001,0.06263032232333576
200,EC_all_40,Test MAE,GPR + N-gram,GPR + Physchem,0.001,0.07176185145159342
200,SA_all_40,Test MAE,GPR + ESM2,GPR + Morgan,0.001,-0.04362087161502559
200,SA_all_40,Test MAE,GPR + ESM2,GPR + N-gram,0.001,-0.049384415011550886
200,SA_all_40,Test MAE,GPR + ESM2,GPR + Physchem,0.021423493955069706,-0.015953470319923224
200,SA_all_40,Test MAE,GPR + Morgan,GPR + N-gram,0.6612021343654799,-0.005763543396525295
200,SA_all_40,Test MAE,GPR + Morgan,GPR + Physchem,0.001,0.027667401295102367
200,SA_all_40,Test MAE,GPR + N-gram,GPR + Physchem,0.001,0.03343094469162766
200,PA_all_40,Test MAE,GPR + ESM2,GPR + Morgan,0.001,-0.04341468824885619
200,PA_all_40,Test MAE,GPR + ESM2,GPR + N-gram,0.003630361176194641,-0.034348241508811106
200,PA_all_40,Test MAE,GPR + ESM2,GPR + Physchem,0.5435574396672003,0.011989551246147201
200,PA_all_40,Test MAE,GPR + Morgan,GPR + N-gram,0.7228787517824504,0.009066446740045087
200,PA_all_40,Test MAE,GPR + Morgan,GPR + Physchem,0.001,0.05540423949500339
200,PA_all_40,Test MAE,GPR + N-gram,GPR + Physchem,0.001,0.04633779275495831
200,hemopi2_all,Test MAE,GPR + ESM2,GPR + Morgan,0.001,-0.04660115097801509
200,hemopi2_all,Test MAE,GPR + ESM2,GPR + N-gram,0.001,-0.0529470828306684
200,hemopi2_all,Test MAE,GPR + ESM2,GPR + Physchem,0.023670439112596364,-0.019316461627397863
200,hemopi2_all,Test MAE,GPR + Morgan,GPR + N-gram,0.7249194209593446,-0.006345931852653308
200,hemopi2_all,Test MAE,GPR + Morgan,GPR + Physchem,0.001,0.02728468935061723
200,hemopi2_all,Test MAE,GPR + N-gram,GPR + Physchem,0.001,0.03363062120327054
350,EC_all_40,Test MAE,GPR + ESM2,GPR + Morgan,0.001,-0.0772315420893187
350,EC_all_40,Test MAE,GPR + ESM2,GPR + N-gram,0.001,-0.07757610060420417
350,EC_all_40,Test MAE,GPR + ESM2,GPR + Physchem,0.9,-0.0001763417576331472
350,EC_all_40,Test MAE,GPR + Morgan,GPR + N-gram,0.9,-0.0003445585148854624
350,EC_all_40,Test MAE,GPR + Morgan,GPR + Physchem,0.001,0.07705520033168556
350,EC_all_40,Test MAE,GPR + N-gram,GPR + Physchem,0.001,0.07739975884657102
350,SA_all_40,Test MAE,GPR + ESM2,GPR + Morgan,0.001,-0.05093981211784737
350,SA_all_40,Test MAE,GPR + ESM2,GPR + N-gram,0.001,-0.05416353390596007
350,SA_all_40,Test MAE,GPR + ESM2,GPR + Physchem,0.001,-0.021158188616200557
350,SA_all_40,Test MAE,GPR + Morgan,GPR + N-gram,0.886502094656781,-0.003223721788112699
350,SA_all_40,Test MAE,GPR + Morgan,GPR + Physchem,0.001,0.029781623501646814
350,SA_all_40,Test MAE,GPR + N-gram,GPR + Physchem,0.001,0.03300534528975951
350,PA_all_40,Test MAE,GPR + ESM2,GPR + Morgan,0.001,-0.0563651819088663
350,PA_all_40,Test MAE,GPR + ESM2,GPR + N-gram,0.001,-0.05560438635038978
350,PA_all_40,Test MAE,GPR + ESM2,GPR + Physchem,0.9,0.003360391787685324
350,PA_all_40,Test MAE,GPR + Morgan,GPR + N-gram,0.9,0.0007607955584765236
350,PA_all_40,Test MAE,GPR + Morgan,GPR + Physchem,0.001,0.059725573696551626
350,PA_all_40,Test MAE,GPR + N-gram,GPR + Physchem,0.001,0.0589647781380751
350,hemopi2_all,Test MAE,GPR + ESM2,GPR + Morgan,0.001,-0.05746252924899098
350,hemopi2_all,Test MAE,GPR + ESM2,GPR + N-gram,0.001,-0.0642209887256392
350,hemopi2_all,Test MAE,GPR + ESM2,GPR + Physchem,0.0012048068203991402,-0.025961837503091223
350,hemopi2_all,Test MAE,GPR + Morgan,GPR + N-gram,0.6694458767317193,-0.006758459476648215
350,hemopi2_all,Test MAE,GPR + Morgan,GPR + Physchem,0.001,0.031500691745899756
350,hemopi2_all,Test MAE,GPR + N-gram,GPR + Physchem,0.001,0.03825915122254797
500,EC_all_40,Test MAE,GPR + ESM2,GPR + Morgan,0.001,-0.07912675679798198
500,EC_all_40,Test MAE,GPR + ESM2,GPR + N-gram,0.001,-0.07755769569435045
500,EC_all_40,Test MAE,GPR + ESM2,GPR + Physchem,0.9,-0.0031605931336579074
500,EC_all_40,Test MAE,GPR + Morgan,GPR + N-gram,0.9,0.0015690611036315305
500,EC_all_40,Test MAE,GPR + Morgan,GPR + Physchem,0.001,0.07596616366432407
500,EC_all_40,Test MAE,GPR + N-gram,GPR + Physchem,0.001,0.07439710256069254
500,SA_all_40,Test MAE,GPR + ESM2,GPR + Morgan,0.001,-0.05593259766913128
500,SA_all_40,Test MAE,GPR + ESM2,GPR + N-gram,0.001,-0.061670277402877005
500,SA_all_40,Test MAE,GPR + ESM2,GPR + Physchem,0.001,-0.023733539781936153
500,SA_all_40,Test MAE,GPR + Morgan,GPR + N-gram,0.4182619564377128,-0.005737679733745726
500,SA_all_40,Test MAE,GPR + Morgan,GPR + Physchem,0.001,0.032199057887195126
500,SA_all_40,Test MAE,GPR + N-gram,GPR + Physchem,0.001,0.03793673762094085
500,PA_all_40,Test MAE,GPR + ESM2,GPR + Morgan,0.001,-0.06538726385131721
500,PA_all_40,Test MAE,GPR + ESM2,GPR + N-gram,0.001,-0.06676939131519044
500,PA_all_40,Test MAE,GPR + ESM2,GPR + Physchem,0.525495093037314,-0.0089435870205814
500,PA_all_40,Test MAE,GPR + Morgan,GPR + N-gram,0.9,-0.0013821274638732284
500,PA_all_40,Test MAE,GPR + Morgan,GPR + Physchem,0.001,0.05644367683073581
500,PA_all_40,Test MAE,GPR + N-gram,GPR + Physchem,0.001,0.05782580429460904
500,hemopi2_all,Test MAE,GPR + ESM2,GPR + Morgan,0.001,-0.06086963333505285
500,hemopi2_all,Test MAE,GPR + ESM2,GPR + N-gram,0.001,-0.07026883591844651
500,hemopi2_all,Test MAE,GPR + ESM2,GPR + Physchem,0.001,-0.030330260394874575
500,hemopi2_all,Test MAE,GPR + Morgan,GPR + N-gram,0.3163431208613332,-0.009399202583393662
500,hemopi2_all,Test MAE,GPR + Morgan,GPR + Physchem,0.001,0.030539372940178278
500,hemopi2_all,Test MAE,GPR + N-gram,GPR + Physchem,0.001,0.03993857552357194
20,EC_all_40,Test R2,GPR + ESM2,GPR + Morgan,0.9,0.09598054090303415
20,EC_all_40,Test R2,GPR + ESM2,GPR + N-gram,0.9,-0.05837168313169011
20,EC_all_40,Test R2,GPR + ESM2,GPR + Physchem,0.8109646175228216,0.12227981529652576
20,EC_all_40,Test R2,GPR + Morgan,GPR + N-gram,0.6881854857430139,-0.15435222403472426
20,EC_all_40,Test R2,GPR + Morgan,GPR + Physchem,0.9,0.026299274393491612
20,EC_all_40,Test R2,GPR + N-gram,GPR + Physchem,0.5875106620335382,0.18065149842821587
20,SA_all_40,Test R2,GPR + ESM2,GPR + Morgan,0.9,-0.06545109062507964
20,SA_all_40,Test R2,GPR + ESM2,GPR + N-gram,0.9,-0.0624841183094762
20,SA_all_40,Test R2,GPR + ESM2,GPR + Physchem,0.5155553451977749,-0.17139024426042232
20,SA_all_40,Test R2,GPR + Morgan,GPR + N-gram,0.9,0.0029669723156034444
20,SA_all_40,Test R2,GPR + Morgan,GPR + Physchem,0.807130162076312,-0.10593915363534268
20,SA_all_40,Test R2,GPR + N-gram,GPR + Physchem,0.7939144764495901,-0.10890612595094612
20,PA_all_40,Test R2,GPR + ESM2,GPR + Morgan,0.9,-0.01938081582864712
20,PA_all_40,Test R2,GPR + ESM2,GPR + N-gram,0.9,-0.024952734241461327
20,PA_all_40,Test R2,GPR + ESM2,GPR + Physchem,0.9,0.006701089732730231
20,PA_all_40,Test R2,GPR + Morgan,GPR + N-gram,0.9,-0.0055719184128142085
20,PA_all_40,Test R2,GPR + Morgan,GPR + Physchem,0.9,0.02608190556137735
20,PA_all_40,Test R2,GPR + N-gram,GPR + Physchem,0.9,0.03165382397419156
20,hemopi2_all,Test R2,GPR + ESM2,GPR + Morgan,0.3339368370022443,0.05458338547004176
20,hemopi2_all,Test R2,GPR + ESM2,GPR + N-gram,0.5843194032965385,0.04011542140371705
20,hemopi2_all,Test R2,GPR + ESM2,GPR + Physchem,0.9,0.014874269770852079
20,hemopi2_all,Test R2,GPR + Morgan,GPR + N-gram,0.9,-0.01446796406632471
20,hemopi2_all,Test R2,GPR + Morgan,GPR + Physchem,0.5913554695779484,-0.03970911569918968
20,hemopi2_all,Test R2,GPR + N-gram,GPR + Physchem,0.8419238196786282,-0.025241151632864972
50,EC_all_40,Test R2,GPR + ESM2,GPR + Morgan,0.4319314268164779,0.1224488114572111
50,EC_all_40,Test R2,GPR + ESM2,GPR + N-gram,0.9,0.02930791170870707
50,EC_all_40,Test R2,GPR + ESM2,GPR + Physchem,0.42742537703383476,-0.1230872140856629
50,EC_all_40,Test R2,GPR + Morgan,GPR + N-gram,0.6363421011672938,-0.09314089974850404
50,EC_all_40,Test R2,GPR + Morgan,GPR + Physchem,0.02292395727823604,-0.24553602554287401
50,EC_all_40,Test R2,GPR + N-gram,GPR + Physchem,0.24675765261883642,-0.15239512579436998
50,SA_all_40,Test R2,GPR + ESM2,GPR + Morgan,0.9,-0.005057672505958205
50,SA_all_40,Test R2,GPR + ESM2,GPR + N-gram,0.9,0.012465769208160615
50,SA_all_40,Test R2,GPR + ESM2,GPR + Physchem,0.4466256390386686,-0.05974342608686303
50,SA_all_40,Test R2,GPR + Morgan,GPR + N-gram,0.9,0.01752344171411882
50,SA_all_40,Test R2,GPR + Morgan,GPR + Physchem,0.5187161800575839,-0.05468575358090483
50,SA_all_40,Test R2,GPR + N-gram,GPR + Physchem,0.2837848403599914,-0.07220919529502365
50,PA_all_40,Test R2,GPR + ESM2,GPR + Morgan,0.9,0.019126716835193708
50,PA_all_40,Test R2,GPR + ESM2,GPR + N-gram,0.9,-0.005496766938368813
50,PA_all_40,Test R2,GPR + ESM2,GPR + Physchem,0.9,-0.005675118055475409
50,PA_all_40,Test R2,GPR + Morgan,GPR + N-gram,0.8189614915546295,-0.02462348377356252
50,PA_all_40,Test R2,GPR + Morgan,GPR + Physchem,0.8156281402377947,-0.024801834890669117
50,PA_all_40,Test R2,GPR + N-gram,GPR + Physchem,0.9,-0.00017835111710659546
50,hemopi2_all,Test R2,GPR + ESM2,GPR + Morgan,0.0633085012358926,0.09569704216440648
50,hemopi2_all,Test R2,GPR + ESM2,GPR + N-gram,0.2458131388293351,0.0697341102716038
50,hemopi2_all,Test R2,GPR + ESM2,GPR + Physchem,0.9,0.014357184652538834
50,hemopi2_all,Test R2,GPR + Morgan,GPR + N-gram,0.8870650548891956,-0.025962931892802688
50,hemopi2_all,Test R2,GPR + Morgan,GPR + Physchem,0.13976461724385902,-0.08133985751186765
50,hemopi2_all,Test R2,GPR + N-gram,GPR + Physchem,0.4410182206755098,-0.05537692561906496
75,EC_all_40,Test R2,GPR + ESM2,GPR + Morgan,0.22538343549151818,0.14947455629178258
75,EC_all_40,Test R2,GPR + ESM2,GPR + N-gram,0.012740863407265657,0.25289678584323044
75,EC_all_40,Test R2,GPR + ESM2,GPR + Physchem,0.8736260643601188,-0.056030095424434274
75,EC_all_40,Test R2,GPR + Morgan,GPR + N-gram,0.5306821459276562,0.10342222955144789
75,EC_all_40,Test R2,GPR + Morgan,GPR + Physchem,0.05365552991110922,-0.20550465171621685
75,EC_all_40,Test R2,GPR + N-gram,GPR + Physchem,0.0019941752485054254,-0.3089268812676647
75,SA_all_40,Test R2,GPR + ESM2,GPR + Morgan,0.33949112237992707,0.04085456982250421
75,SA_all_40,Test R2,GPR + ESM2,GPR + N-gram,0.03152251837348807,0.07039874188415954
75,SA_all_40,Test R2,GPR + ESM2,GPR + Physchem,0.3241823415287254,0.04158932724213735
75,SA_all_40,Test R2,GPR + Morgan,GPR + N-gram,0.5998401875701873,0.029544172061655327
75,SA_all_40,Test R2,GPR + Morgan,GPR + Physchem,0.9,0.0007347574196331363
75,SA_all_40,Test R2,GPR + N-gram,GPR + Physchem,0.6167359968568276,-0.02880941464202219
75,PA_all_40,Test R2,GPR + ESM2,GPR + Morgan,0.2519866982518675,0.05600827952156195
75,PA_all_40,Test R2,GPR + ESM2,GPR + N-gram,0.3106687115114739,0.05210336294711879
75,PA_all_40,Test R2,GPR + ESM2,GPR + Physchem,0.2733244639351786,-0.05452884601323207
75,PA_all_40,Test R2,GPR + Morgan,GPR + N-gram,0.9,-0.003904916574443154
75,PA_all_40,Test R2,GPR + Morgan,GPR + Physchem,0.004479690680441739,-0.11053712553479401
75,PA_all_40,Test R2,GPR + N-gram,GPR + Physchem,0.006248848265892781,-0.10663220896035086
75,hemopi2_all,Test R2,GPR + ESM2,GPR + Morgan,0.013431249567121162,0.0988182790080275
75,hemopi2_all,Test R2,GPR + ESM2,GPR + N-gram,0.07797618996753186,0.0755792483537224
75,hemopi2_all,Test R2,GPR + ESM2,GPR + Physchem,0.1131704007744464,0.0700572552407113
75,hemopi2_all,Test R2,GPR + Morgan,GPR + N-gram,0.8515282622738977,-0.023239030654305097
75,hemopi2_all,Test R2,GPR + Morgan,GPR + Physchem,0.7499379491445974,-0.028761023767316207
75,hemopi2_all,Test R2,GPR + N-gram,GPR + Physchem,0.9,-0.00552199311301111
100,EC_all_40,Test R2,GPR + ESM2,GPR + Morgan,0.001,0.19981918236390067
100,EC_all_40,Test R2,GPR + ESM2,GPR + N-gram,0.001,0.27160517647383786
100,EC_all_40,Test R2,GPR + ESM2,GPR + Physchem,0.9,0.02183250519711298
100,EC_all_40,Test R2,GPR + Morgan,GPR + N-gram,0.16986917195421425,0.0717859941099372
100,EC_all_40,Test R2,GPR + Morgan,GPR + Physchem,0.001,-0.17798667716678768
100,EC_all_40,Test R2,GPR + N-gram,GPR + Physchem,0.001,-0.24977267127672487
100,SA_all_40,Test R2,GPR + ESM2,GPR + Morgan,0.001,0.11465953857081244
100,SA_all_40,Test R2,GPR + ESM2,GPR + N-gram,0.001,0.1454651512783146
100,SA_all_40,Test R2,GPR + ESM2,GPR + Physchem,0.38127320173074275,0.04213811526432064
100,SA_all_40,Test R2,GPR + Morgan,GPR + N-gram,0.6244993500626543,0.030805612707502178
100,SA_all_40,Test R2,GPR + Morgan,GPR + Physchem,0.043284139820121914,-0.0725214233064918
100,SA_all_40,Test R2,GPR + N-gram,GPR + Physchem,0.002403555687154779,-0.10332703601399398
100,PA_all_40,Test R2,GPR + ESM2,GPR + Morgan,0.04839007937474138,0.10238210650798667
100,PA_all_40,Test R2,GPR + ESM2,GPR + N-gram,0.1901222503837623,0.07684129168061507
100,PA_all_40,Test R2,GPR + ESM2,GPR + Physchem,0.9,-0.021541365923494694
100,PA_all_40,Test R2,GPR + Morgan,GPR + N-gram,0.9,-0.025540814827371597
100,PA_all_40,Test R2,GPR + Morgan,GPR + Physchem,0.01266242056445599,-0.12392347243148136
100,PA_all_40,Test R2,GPR + N-gram,GPR + Physchem,0.061105697716219765,-0.09838265760410977
100,hemopi2_all,Test R2,GPR + ESM2,GPR + Morgan,0.012693387001905254,0.15382268360460533
100,hemopi2_all,Test R2,GPR + ESM2,GPR + N-gram,0.01814273554063739,0.14693942842824792
100,hemopi2_all,Test R2,GPR + ESM2,GPR + Physchem,0.9,0.029494630804368184
100,hemopi2_all,Test R2,GPR + Morgan,GPR + N-gram,0.9,-0.006883255176357406
100,hemopi2_all,Test R2,GPR + Morgan,GPR + Physchem,0.05521483832589624,-0.12432805280023715
100,hemopi2_all,Test R2,GPR + N-gram,GPR + Physchem,0.07581358888320167,-0.11744479762387974
200,EC_all_40,Test R2,GPR + ESM2,GPR + Morgan,0.001,0.19501852669835407
200,EC_all_40,Test R2,GPR + ESM2,GPR + N-gram,0.001,0.21101454119085794
200,EC_all_40,Test R2,GPR + ESM2,GPR + Physchem,0.9,-0.008178310916705844
200,EC_all_40,Test R2,GPR + Morgan,GPR + N-gram,0.8951459642964696,0.015996014492503888
200,EC_all_40,Test R2,GPR + Morgan,GPR + Physchem,0.001,-0.2031968376150599
200,EC_all_40,Test R2,GPR + N-gram,GPR + Physchem,0.001,-0.21919285210756378
200,SA_all_40,Test R2,GPR + ESM2,GPR + Morgan,0.001,0.12379536150127429
200,SA_all_40,Test R2,GPR + ESM2,GPR + N-gram,0.001,0.1409577606008651
200,SA_all_40,Test R2,GPR + ESM2,GPR + Physchem,0.14546601087965316,0.03831179059125561
200,SA_all_40,Test R2,GPR + Morgan,GPR + N-gram,0.7341085043287583,0.017162399099590817
200,SA_all_40,Test R2,GPR + Morgan,GPR + Physchem,0.001,-0.08548357091001868
200,SA_all_40,Test R2,GPR + N-gram,GPR + Physchem,0.001,-0.1026459700096095
200,PA_all_40,Test R2,GPR + ESM2,GPR + Morgan,0.001,0.14564079162550242
200,PA_all_40,Test R2,GPR + ESM2,GPR + N-gram,0.001,0.11917285514840711
200,PA_all_40,Test R2,GPR + ESM2,GPR + Physchem,0.8853385053111046,-0.01837787194818781
200,PA_all_40,Test R2,GPR + Morgan,GPR + N-gram,0.7120154478121271,-0.026467936477095284
200,PA_all_40,Test R2,GPR + Morgan,GPR + Physchem,0.001,-0.16401866357369022
200,PA_all_40,Test R2,GPR + N-gram,GPR + Physchem,0.001,-0.13755072709659494
200,hemopi2_all,Test R2,GPR + ESM2,GPR + Morgan,0.001,0.20297513742695342
200,hemopi2_all,Test R2,GPR + ESM2,GPR + N-gram,0.001,0.15200782111276856
200,hemopi2_all,Test R2,GPR + ESM2,GPR + Physchem,0.008822167820552451,0.07473442217833508
200,hemopi2_all,Test R2,GPR + Morgan,GPR + N-gram,0.10702975243388924,-0.05096731631418484
200,hemopi2_all,Test R2,GPR + Morgan,GPR + Physchem,0.001,-0.12824071524861833
200,hemopi2_all,Test R2,GPR + N-gram,GPR + Physchem,0.0065798023207565,-0.0772733989344335
350,EC_all_40,Test R2,GPR + ESM2,GPR + Morgan,0.001,0.2413901030457903
350,EC_all_40,Test R2,GPR + ESM2,GPR + N-gram,0.001,0.2284116689469058
350,EC_all_40,Test R2,GPR + ESM2,GPR + Physchem,0.9,-0.0008618990261889947
350,EC_all_40,Test R2,GPR + Morgan,GPR + N-gram,0.9,-0.012978434098884523
350,EC_all_40,Test R2,GPR + Morgan,GPR + Physchem,0.001,-0.2422520020719793
350,EC_all_40,Test R2,GPR + N-gram,GPR + Physchem,0.001,-0.22927356797309478
350,SA_all_40,Test R2,GPR + ESM2,GPR + Morgan,0.001,0.1501742494528608
350,SA_all_40,Test R2,GPR + ESM2,GPR + N-gram,0.001,0.14485294022418319
350,SA_all_40,Test R2,GPR + ESM2,GPR + Physchem,0.003997142559447164,0.053161715547261866
350,SA_all_40,Test R2,GPR + Morgan,GPR + N-gram,0.9,-0.005321309228677601
350,SA_all_40,Test R2,GPR + Morgan,GPR + Physchem,0.001,-0.09701253390559891
350,SA_all_40,Test R2,GPR + N-gram,GPR + Physchem,0.001,-0.09169122467692131
350,PA_all_40,Test R2,GPR + ESM2,GPR + Morgan,0.001,0.19353949310452928
350,PA_all_40,Test R2,GPR + ESM2,GPR + N-gram,0.001,0.17417311952745315
350,PA_all_40,Test R2,GPR + ESM2,GPR + Physchem,0.9,0.003920554584207286
350,PA_all_40,Test R2,GPR + Morgan,GPR + N-gram,0.8660232304418767,-0.01936637357707615
350,PA_all_40,Test R2,GPR + Morgan,GPR + Physchem,0.001,-0.18961893852032202
350,PA_all_40,Test R2,GPR + N-gram,GPR + Physchem,0.001,-0.17025256494324587
350,hemopi2_all,Test R2,GPR + ESM2,GPR + Morgan,0.001,0.26144923885261667
350,hemopi2_all,Test R2,GPR + ESM2,GPR + N-gram,0.001,0.21162337758780117
350,hemopi2_all,Test R2,GPR + ESM2,GPR + Physchem,0.001,0.103057448719208
350,hemopi2_all,Test R2,GPR + Morgan,GPR + N-gram,0.16034821652024278,-0.0498258612648155
350,hemopi2_all,Test R2,GPR + Morgan,GPR + Physchem,0.001,-0.15839179013340868
350,hemopi2_all,Test R2,GPR + N-gram,GPR + Physchem,0.001,-0.10856592886859318
500,EC_all_40,Test R2,GPR + ESM2,GPR + Morgan,0.001,0.23848633779521763
500,EC_all_40,Test R2,GPR + ESM2,GPR + N-gram,0.001,0.22679149775796403
500,EC_all_40,Test R2,GPR + ESM2,GPR + Physchem,0.9,0.006912911378991055
500,EC_all_40,Test R2,GPR + Morgan,GPR + N-gram,0.9,-0.011694840037253598
500,EC_all_40,Test R2,GPR + Morgan,GPR + Physchem,0.001,-0.23157342641622658
500,EC_all_40,Test R2,GPR + N-gram,GPR + Physchem,0.001,-0.21987858637897298
500,SA_all_40,Test R2,GPR + ESM2,GPR + Morgan,0.001,0.1671035495661517
500,SA_all_40,Test R2,GPR + ESM2,GPR + N-gram,0.001,0.17709671237939098
500,SA_all_40,Test R2,GPR + ESM2,GPR + Physchem,0.001,0.058634789328112176
500,SA_all_40,Test R2,GPR + Morgan,GPR + N-gram,0.7897338935833351,0.009993162813239288
500,SA_all_40,Test R2,GPR + Morgan,GPR + Physchem,0.001,-0.10846876023803952
500,SA_all_40,Test R2,GPR + N-gram,GPR + Physchem,0.001,-0.11846192305127881
500,PA_all_40,Test R2,GPR + ESM2,GPR + Morgan,0.001,0.20913168301739057
500,PA_all_40,Test R2,GPR + ESM2,GPR + N-gram,0.001,0.1984881509443549
500,PA_all_40,Test R2,GPR + ESM2,GPR + Physchem,0.23622108687935794,0.03660348866872529
500,PA_all_40,Test R2,GPR + Morgan,GPR + N-gram,0.9,-0.010643532073035668
500,PA_all_40,Test R2,GPR + Morgan,GPR + Physchem,0.001,-0.1725281943486653
500,PA_all_40,Test R2,GPR + N-gram,GPR + Physchem,0.001,-0.16188466227562961
500,hemopi2_all,Test R2,GPR + ESM2,GPR + Morgan,0.001,0.27621682926513785
500,hemopi2_all,Test R2,GPR + ESM2,GPR + N-gram,0.001,0.23937326071124276
500,hemopi2_all,Test R2,GPR + ESM2,GPR + Physchem,0.001,0.12784524544414022
500,hemopi2_all,Test R2,GPR + Morgan,GPR + N-gram,0.3189091825637649,-0.03684356855389509
500,hemopi2_all,Test R2,GPR + Morgan,GPR + Physchem,0.001,-0.14837158382099763
500,hemopi2_all,Test R2,GPR + N-gram,GPR + Physchem,0.001,-0.11152801526710254
20,EC_all_40,Test Spearman Correlation,GPR + ESM2,GPR + Morgan,0.19943570039695246,0.061831260299062885
20,EC_all_40,Test Spearman Correlation,GPR + ESM2,GPR + N-gram,0.016780215404539334,0.09814379894395472
20,EC_all_40,Test Spearman Correlation,GPR + ESM2,GPR + Physchem,0.9,-0.001448938959388607
20,EC_all_40,Test Spearman Correlation,GPR + Morgan,GPR + N-gram,0.619071035195484,0.03631253864489184
20,EC_all_40,Test Spearman Correlation,GPR + Morgan,GPR + Physchem,0.18343604122269597,-0.06328019925845149
20,EC_all_40,Test Spearman Correlation,GPR + N-gram,GPR + Physchem,0.015017374181517607,-0.09959273790334333
20,SA_all_40,Test Spearman Correlation,GPR + ESM2,GPR + Morgan,0.9,-0.002615657629168537
20,SA_all_40,Test Spearman Correlation,GPR + ESM2,GPR + N-gram,0.839204805776945,0.03224243070099696
20,SA_all_40,Test Spearman Correlation,GPR + ESM2,GPR + Physchem,0.9,-0.022599571070677532
20,SA_all_40,Test Spearman Correlation,GPR + Morgan,GPR + N-gram,0.8038905052922272,0.03485808833016549
20,SA_all_40,Test Spearman Correlation,GPR + Morgan,GPR + Physchem,0.9,-0.019983913441508995
20,SA_all_40,Test Spearman Correlation,GPR + N-gram,GPR + Physchem,0.5340724855168755,-0.05484200177167449
20,PA_all_40,Test Spearman Correlation,GPR + ESM2,GPR + Morgan,0.31147502919623693,0.09687367568510528
20,PA_all_40,Test Spearman Correlation,GPR + ESM2,GPR + N-gram,0.38455945888688836,0.08866204723266122
20,PA_all_40,Test Spearman Correlation,GPR + ESM2,GPR + Physchem,0.9,-0.03503300546787122
20,PA_all_40,Test Spearman Correlation,GPR + Morgan,GPR + N-gram,0.9,-0.008211628452444065
20,PA_all_40,Test Spearman Correlation,GPR + Morgan,GPR + Physchem,0.10977408345097983,-0.13190668115297652
20,PA_all_40,Test Spearman Correlation,GPR + N-gram,GPR + Physchem,0.14260576816487114,-0.12369505270053244
20,hemopi2_all,Test Spearman Correlation,GPR + ESM2,GPR + Morgan,0.36134549956914197,0.13571675880610876
20,hemopi2_all,Test Spearman Correlation,GPR + ESM2,GPR + N-gram,0.9,0.05188665553891979
20,hemopi2_all,Test Spearman Correlation,GPR + ESM2,GPR + Physchem,0.9,0.04368147491025465
20,hemopi2_all,Test Spearman Correlation,GPR + Morgan,GPR + N-gram,0.7048675073543751,-0.08383010326718895
20,hemopi2_all,Test Spearman Correlation,GPR + Morgan,GPR + Physchem,0.6497734933965076,-0.0920352838958541
20,hemopi2_all,Test Spearman Correlation,GPR + N-gram,GPR + Physchem,0.9,-0.00820518062866514
50,EC_all_40,Test Spearman Correlation,GPR + ESM2,GPR + Morgan,0.12986852582431363,0.11081718822510435
50,EC_all_40,Test Spearman Correlation,GPR + ESM2,GPR + N-gram,0.07223761327944933,0.12533411923354298
50,EC_all_40,Test Spearman Correlation,GPR + ESM2,GPR + Physchem,0.9,-0.03120710020609027
50,EC_all_40,Test Spearman Correlation,GPR + Morgan,GPR + N-gram,0.9,0.01451693100843865
50,EC_all_40,Test Spearman Correlation,GPR + Morgan,GPR + Physchem,0.03468284440665648,-0.14202428843119463
50,EC_all_40,Test Spearman Correlation,GPR + N-gram,GPR + Physchem,0.01765837159281236,-0.15654121943963328
50,SA_all_40,Test Spearman Correlation,GPR + ESM2,GPR + Morgan,0.39252650629982644,0.050129100482208214
50,SA_all_40,Test Spearman Correlation,GPR + ESM2,GPR + N-gram,0.04196698010278188,0.08836396340532354
50,SA_all_40,Test Spearman Correlation,GPR + ESM2,GPR + Physchem,0.9,0.008873119516879191
50,SA_all_40,Test Spearman Correlation,GPR + Morgan,GPR + N-gram,0.6042805647473857,0.03823486292311533
50,SA_all_40,Test Spearman Correlation,GPR + Morgan,GPR + Physchem,0.5510125159994403,-0.04125598096532902
50,SA_all_40,Test Spearman Correlation,GPR + N-gram,GPR + Physchem,0.07654748837455905,-0.07949084388844435
50,PA_all_40,Test Spearman Correlation,GPR + ESM2,GPR + Morgan,0.001,0.17031612777848432
50,PA_all_40,Test Spearman Correlation,GPR + ESM2,GPR + N-gram,0.001,0.14271943665342765
50,PA_all_40,Test Spearman Correlation,GPR + ESM2,GPR + Physchem,0.6101967385474101,-0.03151834114176469
50,PA_all_40,Test Spearman Correlation,GPR + Morgan,GPR + N-gram,0.6934234384305692,-0.02759669112505668
50,PA_all_40,Test Spearman Correlation,GPR + Morgan,GPR + Physchem,0.001,-0.201834468920249
50,PA_all_40,Test Spearman Correlation,GPR + N-gram,GPR + Physchem,0.001,-0.17423777779519234
50,hemopi2_all,Test Spearman Correlation,GPR + ESM2,GPR + Morgan,0.0016254769914425538,0.14222043979618915
50,hemopi2_all,Test Spearman Correlation,GPR + ESM2,GPR + N-gram,0.0013371787241144295,0.14482982842105824
50,hemopi2_all,Test Spearman Correlation,GPR + ESM2,GPR + Physchem,0.889374844019098,0.023921989206017624
50,hemopi2_all,Test Spearman Correlation,GPR + Morgan,GPR + N-gram,0.9,0.002609388624869098
50,hemopi2_all,Test Spearman Correlation,GPR + Morgan,GPR + Physchem,0.009148247505632034,-0.11829845059017151
50,hemopi2_all,Test Spearman Correlation,GPR + N-gram,GPR + Physchem,0.007603953034949318,-0.12090783921504061
75,EC_all_40,Test Spearman Correlation,GPR + ESM2,GPR + Morgan,0.001,0.2028611157800469
75,EC_all_40,Test Spearman Correlation,GPR + ESM2,GPR + N-gram,0.001,0.22138404253386224
75,EC_all_40,Test Spearman Correlation,GPR + ESM2,GPR + Physchem,0.9,0.0029870384905844594
75,EC_all_40,Test Spearman Correlation,GPR + Morgan,GPR + N-gram,0.9,0.01852292675381534
75,EC_all_40,Test Spearman Correlation,GPR + Morgan,GPR + Physchem,0.001,-0.19987407728946244
75,EC_all_40,Test Spearman Correlation,GPR + N-gram,GPR + Physchem,0.001,-0.21839700404327778
75,SA_all_40,Test Spearman Correlation,GPR + ESM2,GPR + Morgan,0.5146073600583763,0.04968763054724262
75,SA_all_40,Test Spearman Correlation,GPR + ESM2,GPR + N-gram,0.23661625384954665,0.06941462129186297
75,SA_all_40,Test Spearman Correlation,GPR + ESM2,GPR + Physchem,0.8704460611807983,0.0265396029670579
75,SA_all_40,Test Spearman Correlation,GPR + Morgan,GPR + N-gram,0.9,0.01972699074462035
75,SA_all_40,Test Spearman Correlation,GPR + Morgan,GPR + Physchem,0.9,-0.02314802758018472
75,SA_all_40,Test Spearman Correlation,GPR + N-gram,GPR + Physchem,0.6193333916152088,-0.04287501832480507
75,PA_all_40,Test Spearman Correlation,GPR + ESM2,GPR + Morgan,0.001,0.15194126960630627
75,PA_all_40,Test Spearman Correlation,GPR + ESM2,GPR + N-gram,0.0011384875346596157,0.13218329725918798
75,PA_all_40,Test Spearman Correlation,GPR + ESM2,GPR + Physchem,0.07245597537952309,-0.0782860375190427
75,PA_all_40,Test Spearman Correlation,GPR + Morgan,GPR + N-gram,0.9,-0.019757972347118277
75,PA_all_40,Test Spearman Correlation,GPR + Morgan,GPR + Physchem,0.001,-0.23022730712534895
75,PA_all_40,Test Spearman Correlation,GPR + N-gram,GPR + Physchem,0.001,-0.21046933477823068
75,hemopi2_all,Test Spearman Correlation,GPR + ESM2,GPR + Morgan,0.001,0.18716096961096002
75,hemopi2_all,Test Spearman Correlation,GPR + ESM2,GPR + N-gram,0.001,0.19016749465529767
75,hemopi2_all,Test Spearman Correlation,GPR + ESM2,GPR + Physchem,0.21506292141756322,0.05651766526901125
75,hemopi2_all,Test Spearman Correlation,GPR + Morgan,GPR + N-gram,0.9,0.0030065250443376684
75,hemopi2_all,Test Spearman Correlation,GPR + Morgan,GPR + Physchem,0.001,-0.13064330434194876
75,hemopi2_all,Test Spearman Correlation,GPR + N-gram,GPR + Physchem,0.001,-0.13364982938628642
100,EC_all_40,Test Spearman Correlation,GPR + ESM2,GPR + Morgan,0.001,0.21519224672336656
100,EC_all_40,Test Spearman Correlation,GPR + ESM2,GPR + N-gram,0.001,0.3027772653058205
100,EC_all_40,Test Spearman Correlation,GPR + ESM2,GPR + Physchem,0.6819587576664115,0.030282717332524356
100,EC_all_40,Test Spearman Correlation,GPR + Morgan,GPR + N-gram,0.021294482959760552,0.08758501858245392
100,EC_all_40,Test Spearman Correlation,GPR + Morgan,GPR + Physchem,0.001,-0.1849095293908422
100,EC_all_40,Test Spearman Correlation,GPR + N-gram,GPR + Physchem,0.001,-0.27249454797329614
100,SA_all_40,Test Spearman Correlation,GPR + ESM2,GPR + Morgan,0.10142105910846966,0.09421213541453932
100,SA_all_40,Test Spearman Correlation,GPR + ESM2,GPR + N-gram,0.002006380308721911,0.15955116282231635
100,SA_all_40,Test Spearman Correlation,GPR + ESM2,GPR + Physchem,0.8259758305333064,0.032359969452996046
100,SA_all_40,Test Spearman Correlation,GPR + Morgan,GPR + N-gram,0.3623917574245368,0.06533902740777704
100,SA_all_40,Test Spearman Correlation,GPR + Morgan,GPR + Physchem,0.41048956765724487,-0.061852165961543276
100,SA_all_40,Test Spearman Correlation,GPR + N-gram,GPR + Physchem,0.01580085110661933,-0.12719119336932033
100,PA_all_40,Test Spearman Correlation,GPR + ESM2,GPR + Morgan,0.001,0.1855455724715626
100,PA_all_40,Test Spearman Correlation,GPR + ESM2,GPR + N-gram,0.0021731842845889027,0.12947003328117207
100,PA_all_40,Test Spearman Correlation,GPR + ESM2,GPR + Physchem,0.6991118210162355,-0.03386695726844763
100,PA_all_40,Test Spearman Correlation,GPR + Morgan,GPR + N-gram,0.3205922928159536,-0.056075539190390516
100,PA_all_40,Test Spearman Correlation,GPR + Morgan,GPR + Physchem,0.001,-0.21941252974001021
100,PA_all_40,Test Spearman Correlation,GPR + N-gram,GPR + Physchem,0.001,-0.1633369905496197
100,hemopi2_all,Test Spearman Correlation,GPR + ESM2,GPR + Morgan,0.001,0.21104569373105223
100,hemopi2_all,Test Spearman Correlation,GPR + ESM2,GPR + N-gram,0.001,0.20898198929445236
100,hemopi2_all,Test Spearman Correlation,GPR + ESM2,GPR + Physchem,0.3585691935923079,0.05933086088398981
100,hemopi2_all,Test Spearman Correlation,GPR + Morgan,GPR + N-gram,0.9,-0.002063704436599867
100,hemopi2_all,Test Spearman Correlation,GPR + Morgan,GPR + Physchem,0.0011622864713999315,-0.15171483284706241
100,hemopi2_all,Test Spearman Correlation,GPR + N-gram,GPR + Physchem,0.0013525469410243796,-0.14965112841046255
200,EC_all_40,Test Spearman Correlation,GPR + ESM2,GPR + Morgan,0.001,0.19625220918847336
200,EC_all_40,Test Spearman Correlation,GPR + ESM2,GPR + N-gram,0.001,0.2650400026666513
200,EC_all_40,Test Spearman Correlation,GPR + ESM2,GPR + Physchem,0.36104182944860164,-0.02699996151215317
200,EC_all_40,Test Spearman Correlation,GPR + Morgan,GPR + N-gram,0.0012484020431193787,0.0687877934781779
200,EC_all_40,Test Spearman Correlation,GPR + Morgan,GPR + Physchem,0.001,-0.22325217070062653
200,EC_all_40,Test Spearman Correlation,GPR + N-gram,GPR + Physchem,0.001,-0.2920399641788044
200,SA_all_40,Test Spearman Correlation,GPR + ESM2,GPR + Morgan,0.001,0.09457501470201904
200,SA_all_40,Test Spearman Correlation,GPR + ESM2,GPR + N-gram,0.001,0.18476625945344954
200,SA_all_40,Test Spearman Correlation,GPR + ESM2,GPR + Physchem,0.5319131214401117,0.02739499250728089
200,SA_all_40,Test Spearman Correlation,GPR + Morgan,GPR + N-gram,0.001,0.0901912447514305
200,SA_all_40,Test Spearman Correlation,GPR + Morgan,GPR + Physchem,0.012618220737427022,-0.06718002219473815
200,SA_all_40,Test Spearman Correlation,GPR + N-gram,GPR + Physchem,0.001,-0.15737126694616865
200,PA_all_40,Test Spearman Correlation,GPR + ESM2,GPR + Morgan,0.001,0.14799445844093026
200,PA_all_40,Test Spearman Correlation,GPR + ESM2,GPR + N-gram,0.0010658343895090239,0.14103744803881227
200,PA_all_40,Test Spearman Correlation,GPR + ESM2,GPR + Physchem,0.4168253510412886,-0.05121456947442832
200,PA_all_40,Test Spearman Correlation,GPR + Morgan,GPR + N-gram,0.9,-0.006957010402117991
200,PA_all_40,Test Spearman Correlation,GPR + Morgan,GPR + Physchem,0.001,-0.19920902791535858
200,PA_all_40,Test Spearman Correlation,GPR + N-gram,GPR + Physchem,0.001,-0.1922520175132406
200,hemopi2_all,Test Spearman Correlation,GPR + ESM2,GPR + Morgan,0.001,0.27255860203973137
200,hemopi2_all,Test Spearman Correlation,GPR + ESM2,GPR + N-gram,0.001,0.27245948513320306
200,hemopi2_all,Test Spearman Correlation,GPR + ESM2,GPR + Physchem,0.08771018056676616,0.07387793674072113
200,hemopi2_all,Test Spearman Correlation,GPR + Morgan,GPR + N-gram,0.9,-9.911690652830707e-05
200,hemopi2_all,Test Spearman Correlation,GPR + Morgan,GPR + Physchem,0.001,-0.19868066529901027
200,hemopi2_all,Test Spearman Correlation,GPR + N-gram,GPR + Physchem,0.001,-0.19858154839248196
350,EC_all_40,Test Spearman Correlation,GPR + ESM2,GPR + Morgan,0.001,0.19625557033693858
350,EC_all_40,Test Spearman Correlation,GPR + ESM2,GPR + N-gram,0.001,0.2513725304337888
350,EC_all_40,Test Spearman Correlation,GPR + ESM2,GPR + Physchem,0.10792773055054705,-0.04551498757240724
350,EC_all_40,Test Spearman Correlation,GPR + Morgan,GPR + N-gram,0.03743745629841311,0.05511696009685027
350,EC_all_40,Test Spearman Correlation,GPR + Morgan,GPR + Physchem,0.001,-0.24177055790934582
350,EC_all_40,Test Spearman Correlation,GPR + N-gram,GPR + Physchem,0.001,-0.29688751800619606
350,SA_all_40,Test Spearman Correlation,GPR + ESM2,GPR + Morgan,0.001,0.10337912412645789
350,SA_all_40,Test Spearman Correlation,GPR + ESM2,GPR + N-gram,0.001,0.19107687991206126
350,SA_all_40,Test Spearman Correlation,GPR + ESM2,GPR + Physchem,0.2717495106447465,0.033423439779428576
350,SA_all_40,Test Spearman Correlation,GPR + Morgan,GPR + N-gram,0.001,0.08769775578560338
350,SA_all_40,Test Spearman Correlation,GPR + Morgan,GPR + Physchem,0.003221253501508703,-0.06995568434702931
350,SA_all_40,Test Spearman Correlation,GPR + N-gram,GPR + Physchem,0.001,-0.1576534401326327
350,PA_all_40,Test Spearman Correlation,GPR + ESM2,GPR + Morgan,0.001,0.18279346209039082
350,PA_all_40,Test Spearman Correlation,GPR + ESM2,GPR + N-gram,0.001,0.16665242010117154
350,PA_all_40,Test Spearman Correlation,GPR + ESM2,GPR + Physchem,0.6321386073497541,-0.028727864672137893
350,PA_all_40,Test Spearman Correlation,GPR + Morgan,GPR + N-gram,0.9,-0.016141041989219285
350,PA_all_40,Test Spearman Correlation,GPR + Morgan,GPR + Physchem,0.001,-0.21152132676252872
350,PA_all_40,Test Spearman Correlation,GPR + N-gram,GPR + Physchem,0.001,-0.19538028477330943
350,hemopi2_all,Test Spearman Correlation,GPR + ESM2,GPR + Morgan,0.001,0.2708034966884042
350,hemopi2_all,Test Spearman Correlation,GPR + ESM2,GPR + N-gram,0.001,0.2900124814131829
350,hemopi2_all,Test Spearman Correlation,GPR + ESM2,GPR + Physchem,0.042166914758371754,0.07488851633223848
350,hemopi2_all,Test Spearman Correlation,GPR + Morgan,GPR + N-gram,0.8821504215766842,0.01920898472477872
350,hemopi2_all,Test Spearman Correlation,GPR + Morgan,GPR + Physchem,0.001,-0.1959149803561657
350,hemopi2_all,Test Spearman Correlation,GPR + N-gram,GPR + Physchem,0.001,-0.21512396508094442
500,EC_all_40,Test Spearman Correlation,GPR + ESM2,GPR + Morgan,0.001,0.2069595326092401
500,EC_all_40,Test Spearman Correlation,GPR + ESM2,GPR + N-gram,0.001,0.24284018175353514
500,EC_all_40,Test Spearman Correlation,GPR + ESM2,GPR + Physchem,0.451470206653626,-0.029630387275125014
500,EC_all_40,Test Spearman Correlation,GPR + Morgan,GPR + N-gram,0.2868767158840977,0.035880649144295035
500,EC_all_40,Test Spearman Correlation,GPR + Morgan,GPR + Physchem,0.001,-0.23658991988436512
500,EC_all_40,Test Spearman Correlation,GPR + N-gram,GPR + Physchem,0.001,-0.2724705690286602
500,SA_all_40,Test Spearman Correlation,GPR + ESM2,GPR + Morgan,0.001,0.12278144748064584
500,SA_all_40,Test Spearman Correlation,GPR + ESM2,GPR + N-gram,0.001,0.2117010946599191
500,SA_all_40,Test Spearman Correlation,GPR + ESM2,GPR + Physchem,0.04228201276052623,0.0420323573993166
500,SA_all_40,Test Spearman Correlation,GPR + Morgan,GPR + N-gram,0.001,0.08891964717927325
500,SA_all_40,Test Spearman Correlation,GPR + Morgan,GPR + Physchem,0.001,-0.08074909008132924
500,SA_all_40,Test Spearman Correlation,GPR + N-gram,GPR + Physchem,0.001,-0.1696687372606025
500,PA_all_40,Test Spearman Correlation,GPR + ESM2,GPR + Morgan,0.001,0.19285768151249277
500,PA_all_40,Test Spearman Correlation,GPR + ESM2,GPR + N-gram,0.001,0.20558944474560387
500,PA_all_40,Test Spearman Correlation,GPR + ESM2,GPR + Physchem,0.9,-0.0028221993036412485
500,PA_all_40,Test Spearman Correlation,GPR + Morgan,GPR + N-gram,0.9,0.012731763233111093
500,PA_all_40,Test Spearman Correlation,GPR + Morgan,GPR + Physchem,0.001,-0.19567988081613402
500,PA_all_40,Test Spearman Correlation,GPR + N-gram,GPR + Physchem,0.001,-0.20841164404924511
500,hemopi2_all,Test Spearman Correlation,GPR + ESM2,GPR + Morgan,0.001,0.27844488329396
500,hemopi2_all,Test Spearman Correlation,GPR + ESM2,GPR + N-gram,0.001,0.3073432526438587
500,hemopi2_all,Test Spearman Correlation,GPR + ESM2,GPR + Physchem,0.006387662435733965,0.08549098089488721
500,hemopi2_all,Test Spearman Correlation,GPR + Morgan,GPR + N-gram,0.6084137719202012,0.0288983693498987
500,hemopi2_all,Test Spearman Correlation,GPR + Morgan,GPR + Physchem,0.001,-0.19295390239907279
500,hemopi2_all,Test Spearman Correlation,GPR + N-gram,GPR + Physchem,0.001,-0.22185227174897149
20,EC_all_40,Top 20 Accuracy,GPR + ESM2,GPR + Morgan,0.9,2.5
20,EC_all_40,Top 20 Accuracy,GPR + ESM2,GPR + N-gram,0.9,1.5
20,EC_all_40,Top 20 Accuracy,GPR + ESM2,GPR + Physchem,0.8088700868356327,-3.5
20,EC_all_40,Top 20 Accuracy,GPR + Morgan,GPR + N-gram,0.9,-1.0
20,EC_all_40,Top 20 Accuracy,GPR + Morgan,GPR + Physchem,0.4720752556817911,-6.0
20,EC_all_40,Top 20 Accuracy,GPR + N-gram,GPR + Physchem,0.607352251674292,-5.0
20,SA_all_40,Top 20 Accuracy,GPR + ESM2,GPR + Morgan,0.9,2.0
20,SA_all_40,Top 20 Accuracy,GPR + ESM2,GPR + N-gram,0.2533356284853123,8.0
20,SA_all_40,Top 20 Accuracy,GPR + ESM2,GPR + Physchem,0.2533356284853123,8.0
20,SA_all_40,Top 20 Accuracy,GPR + Morgan,GPR + N-gram,0.49685335059766433,6.0
20,SA_all_40,Top 20 Accuracy,GPR + Morgan,GPR + Physchem,0.49685335059766433,6.0
20,SA_all_40,Top 20 Accuracy,GPR + N-gram,GPR + Physchem,0.9,0.0
20,PA_all_40,Top 20 Accuracy,GPR + ESM2,GPR + Morgan,0.11893453753502081,13.5
20,PA_all_40,Top 20 Accuracy,GPR + ESM2,GPR + N-gram,0.8540806334579439,4.5
20,PA_all_40,Top 20 Accuracy,GPR + ESM2,GPR + Physchem,0.9,3.5
20,PA_all_40,Top 20 Accuracy,GPR + Morgan,GPR + N-gram,0.4268025302525884,-9.0
20,PA_all_40,Top 20 Accuracy,GPR + Morgan,GPR + Physchem,0.3347552036715913,-10.0
20,PA_all_40,Top 20 Accuracy,GPR + N-gram,GPR + Physchem,0.9,-1.0
20,hemopi2_all,Top 20 Accuracy,GPR + ESM2,GPR + Morgan,0.9,1.5
20,hemopi2_all,Top 20 Accuracy,GPR + ESM2,GPR + N-gram,0.9,1.5
20,hemopi2_all,Top 20 Accuracy,GPR + ESM2,GPR + Physchem,0.9,1.5
20,hemopi2_all,Top 20 Accuracy,GPR + Morgan,GPR + N-gram,0.9,0.0
20,hemopi2_all,Top 20 Accuracy,GPR + Morgan,GPR + Physchem,0.9,0.0
20,hemopi2_all,Top 20 Accuracy,GPR + N-gram,GPR + Physchem,0.9,0.0
50,EC_all_40,Top 20 Accuracy,GPR + ESM2,GPR + Morgan,0.614211839873533,6.5
50,EC_all_40,Top 20 Accuracy,GPR + ESM2,GPR + N-gram,0.2687149875021323,10.0
50,EC_all_40,Top 20 Accuracy,GPR + ESM2,GPR + Physchem,0.2687149875021323,-10.0
50,EC_all_40,Top 20 Accuracy,GPR + Morgan,GPR + N-gram,0.9,3.5
50,EC_all_40,Top 20 Accuracy,GPR + Morgan,GPR + Physchem,0.023578617381308953,-16.5
50,EC_all_40,Top 20 Accuracy,GPR + N-gram,GPR + Physchem,0.004818458417510274,-20.0
50,SA_all_40,Top 20 Accuracy,GPR + ESM2,GPR + Morgan,0.03995013536183156,8.0
50,SA_all_40,Top 20 Accuracy,GPR + ESM2,GPR + N-gram,0.49863293791197816,4.0
50,SA_all_40,Top 20 Accuracy,GPR + ESM2,GPR + Physchem,0.6937772235711783,3.0
50,SA_all_40,Top 20 Accuracy,GPR + Morgan,GPR + N-gram,0.49863293791197816,-4.0
50,SA_all_40,Top 20 Accuracy,GPR + Morgan,GPR + Physchem,0.3075080640950113,-5.0
50,SA_all_40,Top 20 Accuracy,GPR + N-gram,GPR + Physchem,0.9,-1.0
50,PA_all_40,Top 20 Accuracy,GPR + ESM2,GPR + Morgan,0.053824217152128595,17.5
50,PA_all_40,Top 20 Accuracy,GPR + ESM2,GPR + N-gram,0.23941004920026032,12.5
50,PA_all_40,Top 20 Accuracy,GPR + ESM2,GPR + Physchem,0.6420873672557978,7.5
50,PA_all_40,Top 20 Accuracy,GPR + Morgan,GPR + N-gram,0.8544148020740097,-5.0
50,PA_all_40,Top 20 Accuracy,GPR + Morgan,GPR + Physchem,0.4274863523232242,-10.0
50,PA_all_40,Top 20 Accuracy,GPR + N-gram,GPR + Physchem,0.8544148020740097,-5.0
50,hemopi2_all,Top 20 Accuracy,GPR + ESM2,GPR + Morgan,0.9,-0.5
50,hemopi2_all,Top 20 Accuracy,GPR + ESM2,GPR + N-gram,0.9,-0.5
50,hemopi2_all,Top 20 Accuracy,GPR + ESM2,GPR + Physchem,0.31610179037997066,-4.5
50,hemopi2_all,Top 20 Accuracy,GPR + Morgan,GPR + N-gram,0.9,0.0
50,hemopi2_all,Top 20 Accuracy,GPR + Morgan,GPR + Physchem,0.41844653893604244,-4.0
50,hemopi2_all,Top 20 Accuracy,GPR + N-gram,GPR + Physchem,0.41844653893604244,-4.0
75,EC_all_40,Top 20 Accuracy,GPR + ESM2,GPR + Morgan,0.03131217936701047,16.5
75,EC_all_40,Top 20 Accuracy,GPR + ESM2,GPR + N-gram,0.03832238578951552,16.0
75,EC_all_40,Top 20 Accuracy,GPR + ESM2,GPR + Physchem,0.9,-3.0
75,EC_all_40,Top 20 Accuracy,GPR + Morgan,GPR + N-gram,0.9,-0.5
75,EC_all_40,Top 20 Accuracy,GPR + Morgan,GPR + Physchem,0.008741731745723569,-19.5
75,EC_all_40,Top 20 Accuracy,GPR + N-gram,GPR + Physchem,0.010887532319994842,-19.0
75,SA_all_40,Top 20 Accuracy,GPR + ESM2,GPR + Morgan,0.46918121049572725,5.5
75,SA_all_40,Top 20 Accuracy,GPR + ESM2,GPR + N-gram,0.9,2.0
75,SA_all_40,Top 20 Accuracy,GPR + ESM2,GPR + Physchem,0.9,1.5
75,SA_all_40,Top 20 Accuracy,GPR + Morgan,GPR + N-gram,0.7643450477041085,-3.5
75,SA_all_40,Top 20 Accuracy,GPR + Morgan,GPR + Physchem,0.690810631764444,-4.0
75,SA_all_40,Top 20 Accuracy,GPR + N-gram,GPR + Physchem,0.9,-0.5
75,PA_all_40,Top 20 Accuracy,GPR + ESM2,GPR + Morgan,0.02445048644022607,24.0
75,PA_all_40,Top 20 Accuracy,GPR + ESM2,GPR + N-gram,0.02445048644022607,24.0
75,PA_all_40,Top 20 Accuracy,GPR + ESM2,GPR + Physchem,0.5794399892882689,10.0
75,PA_all_40,Top 20 Accuracy,GPR + Morgan,GPR + N-gram,0.9,0.0
75,PA_all_40,Top 20 Accuracy,GPR + Morgan,GPR + Physchem,0.3041207490365453,-14.0
75,PA_all_40,Top 20 Accuracy,GPR + N-gram,GPR + Physchem,0.3041207490365453,-14.0
75,hemopi2_all,Top 20 Accuracy,GPR + ESM2,GPR + Morgan,0.9,1.0
75,hemopi2_all,Top 20 Accuracy,GPR + ESM2,GPR + N-gram,0.9,0.0
75,hemopi2_all,Top 20 Accuracy,GPR + ESM2,GPR + Physchem,0.7837466635951279,-1.5
75,hemopi2_all,Top 20 Accuracy,GPR + Morgan,GPR + N-gram,0.9,-1.0
75,hemopi2_all,Top 20 Accuracy,GPR + Morgan,GPR + Physchem,0.45192304375863146,-2.5
75,hemopi2_all,Top 20 Accuracy,GPR + N-gram,GPR + Physchem,0.7837466635951279,-1.5
100,EC_all_40,Top 20 Accuracy,GPR + ESM2,GPR + Morgan,0.26676350864817067,9.5
100,EC_all_40,Top 20 Accuracy,GPR + ESM2,GPR + N-gram,0.19157314070875742,10.5
100,EC_all_40,Top 20 Accuracy,GPR + ESM2,GPR + Physchem,0.9,-2.5
100,EC_all_40,Top 20 Accuracy,GPR + Morgan,GPR + N-gram,0.9,1.0
100,EC_all_40,Top 20 Accuracy,GPR + Morgan,GPR + Physchem,0.11063930893830487,-12.0
100,EC_all_40,Top 20 Accuracy,GPR + N-gram,GPR + Physchem,0.07433671037486889,-13.0
100,SA_all_40,Top 20 Accuracy,GPR + ESM2,GPR + Morgan,0.03527607254237164,7.0
100,SA_all_40,Top 20 Accuracy,GPR + ESM2,GPR + N-gram,0.055707656135462136,6.5
100,SA_all_40,Top 20 Accuracy,GPR + ESM2,GPR + Physchem,0.7107693648119233,2.5
100,SA_all_40,Top 20 Accuracy,GPR + Morgan,GPR + N-gram,0.9,-0.5
100,SA_all_40,Top 20 Accuracy,GPR + Morgan,GPR + Physchem,0.26864813595826775,-4.5
100,SA_all_40,Top 20 Accuracy,GPR + N-gram,GPR + Physchem,0.36774919767942527,-4.0
100,PA_all_40,Top 20 Accuracy,GPR + ESM2,GPR + Morgan,0.004792821692817917,25.5
100,PA_all_40,Top 20 Accuracy,GPR + ESM2,GPR + N-gram,0.06329841320698182,18.0
100,PA_all_40,Top 20 Accuracy,GPR + ESM2,GPR + Physchem,0.28424691875744856,12.5
100,PA_all_40,Top 20 Accuracy,GPR + Morgan,GPR + N-gram,0.6770107258016091,-7.5
100,PA_all_40,Top 20 Accuracy,GPR + Morgan,GPR + Physchem,0.252770948307834,-13.0
100,PA_all_40,Top 20 Accuracy,GPR + N-gram,GPR + Physchem,0.837560796037862,-5.5
100,hemopi2_all,Top 20 Accuracy,GPR + ESM2,GPR + Morgan,0.285812503651359,5.0
100,hemopi2_all,Top 20 Accuracy,GPR + ESM2,GPR + N-gram,0.5780128712247425,3.5
100,hemopi2_all,Top 20 Accuracy,GPR + ESM2,GPR + Physchem,0.5780128712247425,-3.5
100,hemopi2_all,Top 20 Accuracy,GPR + Morgan,GPR + N-gram,0.9,-1.5
100,hemopi2_all,Top 20 Accuracy,GPR + Morgan,GPR + Physchem,0.02213533487501551,-8.5
100,hemopi2_all,Top 20 Accuracy,GPR + N-gram,GPR + Physchem,0.0746170089211795,-7.0
200,EC_all_40,Top 20 Accuracy,GPR + ESM2,GPR + Morgan,0.001,16.0
200,EC_all_40,Top 20 Accuracy,GPR + ESM2,GPR + N-gram,0.005372363545874781,13.0
200,EC_all_40,Top 20 Accuracy,GPR + ESM2,GPR + Physchem,0.9,-1.0
200,EC_all_40,Top 20 Accuracy,GPR + Morgan,GPR + N-gram,0.812464439387348,-3.0
200,EC_all_40,Top 20 Accuracy,GPR + Morgan,GPR + Physchem,0.001,-17.0
200,EC_all_40,Top 20 Accuracy,GPR + N-gram,GPR + Physchem,0.002616797226816736,-14.0
200,SA_all_40,Top 20 Accuracy,GPR + ESM2,GPR + Morgan,0.011671400679173716,8.5
200,SA_all_40,Top 20 Accuracy,GPR + ESM2,GPR + N-gram,0.10646635510865932,6.0
200,SA_all_40,Top 20 Accuracy,GPR + ESM2,GPR + Physchem,0.6261637481171647,3.0
200,SA_all_40,Top 20 Accuracy,GPR + Morgan,GPR + N-gram,0.734982067148808,-2.5
200,SA_all_40,Top 20 Accuracy,GPR + Morgan,GPR + Physchem,0.15547918603665567,-5.5
200,SA_all_40,Top 20 Accuracy,GPR + N-gram,GPR + Physchem,0.6261637481171647,-3.0
200,PA_all_40,Top 20 Accuracy,GPR + ESM2,GPR + Morgan,0.0016310294655722535,25.0
200,PA_all_40,Top 20 Accuracy,GPR + ESM2,GPR + N-gram,0.001,26.5
200,PA_all_40,Top 20 Accuracy,GPR + ESM2,GPR + Physchem,0.18812495574062682,12.5
200,PA_all_40,Top 20 Accuracy,GPR + Morgan,GPR + N-gram,0.9,1.5
200,PA_all_40,Top 20 Accuracy,GPR + Morgan,GPR + Physchem,0.18812495574062682,-12.5
200,PA_all_40,Top 20 Accuracy,GPR + N-gram,GPR + Physchem,0.11867967978746574,-14.0
200,hemopi2_all,Top 20 Accuracy,GPR + ESM2,GPR + Morgan,0.08837511427034828,8.5
200,hemopi2_all,Top 20 Accuracy,GPR + ESM2,GPR + N-gram,0.2572605927903866,6.5
200,hemopi2_all,Top 20 Accuracy,GPR + ESM2,GPR + Physchem,0.15532447530242122,7.5
200,hemopi2_all,Top 20 Accuracy,GPR + Morgan,GPR + N-gram,0.9,-2.0
200,hemopi2_all,Top 20 Accuracy,GPR + Morgan,GPR + Physchem,0.9,-1.0
200,hemopi2_all,Top 20 Accuracy,GPR + N-gram,GPR + Physchem,0.9,1.0
350,EC_all_40,Top 20 Accuracy,GPR + ESM2,GPR + Morgan,0.0015619410677746304,29.0
350,EC_all_40,Top 20 Accuracy,GPR + ESM2,GPR + N-gram,0.0010764065578562354,30.0
350,EC_all_40,Top 20 Accuracy,GPR + ESM2,GPR + Physchem,0.5693657111890755,9.0
350,EC_all_40,Top 20 Accuracy,GPR + Morgan,GPR + N-gram,0.9,1.0
350,EC_all_40,Top 20 Accuracy,GPR + Morgan,GPR + Physchem,0.03737757043842482,-20.0
350,EC_all_40,Top 20 Accuracy,GPR + N-gram,GPR + Physchem,0.026955820790180218,-21.0
350,SA_all_40,Top 20 Accuracy,GPR + ESM2,GPR + Morgan,0.09877768609175686,8.0
350,SA_all_40,Top 20 Accuracy,GPR + ESM2,GPR + N-gram,0.36522218818236296,5.5
350,SA_all_40,Top 20 Accuracy,GPR + ESM2,GPR + Physchem,0.9,1.5
350,SA_all_40,Top 20 Accuracy,GPR + Morgan,GPR + N-gram,0.86456956281764,-2.5
350,SA_all_40,Top 20 Accuracy,GPR + Morgan,GPR + Physchem,0.22810854775886857,-6.5
350,SA_all_40,Top 20 Accuracy,GPR + N-gram,GPR + Physchem,0.6158620310133212,-4.0
350,PA_all_40,Top 20 Accuracy,GPR + ESM2,GPR + Morgan,0.001,22.0
350,PA_all_40,Top 20 Accuracy,GPR + ESM2,GPR + N-gram,0.001,26.5
350,PA_all_40,Top 20 Accuracy,GPR + ESM2,GPR + Physchem,0.6126761105763523,6.0
350,PA_all_40,Top 20 Accuracy,GPR + Morgan,GPR + N-gram,0.7792782821138816,4.5
350,PA_all_40,Top 20 Accuracy,GPR + Morgan,GPR + Physchem,0.016065657444550352,-16.0
350,PA_all_40,Top 20 Accuracy,GPR + N-gram,GPR + Physchem,0.0016393169470192426,-20.5
350,hemopi2_all,Top 20 Accuracy,GPR + ESM2,GPR + Morgan,0.015580703857268396,11.0
350,hemopi2_all,Top 20 Accuracy,GPR + ESM2,GPR + N-gram,0.015580703857268396,11.0
350,hemopi2_all,Top 20 Accuracy,GPR + ESM2,GPR + Physchem,0.04331224928745492,9.5
350,hemopi2_all,Top 20 Accuracy,GPR + Morgan,GPR + N-gram,0.9,0.0
350,hemopi2_all,Top 20 Accuracy,GPR + Morgan,GPR + Physchem,0.9,-1.5
350,hemopi2_all,Top 20 Accuracy,GPR + N-gram,GPR + Physchem,0.9,-1.5
500,EC_all_40,Top 20 Accuracy,GPR + ESM2,GPR + Morgan,0.007253377978274966,24.5
500,EC_all_40,Top 20 Accuracy,GPR + ESM2,GPR + N-gram,0.0011286957046127144,29.5
500,EC_all_40,Top 20 Accuracy,GPR + ESM2,GPR + Physchem,0.9,4.5
500,EC_all_40,Top 20 Accuracy,GPR + Morgan,GPR + N-gram,0.8798788496528042,5.0
500,EC_all_40,Top 20 Accuracy,GPR + Morgan,GPR + Physchem,0.03448209563309157,-20.0
500,EC_all_40,Top 20 Accuracy,GPR + N-gram,GPR + Physchem,0.006049016164125676,-25.0
500,SA_all_40,Top 20 Accuracy,GPR + ESM2,GPR + Morgan,0.005829684109691313,8.5
500,SA_all_40,Top 20 Accuracy,GPR + ESM2,GPR + N-gram,0.11001539166751273,5.5
500,SA_all_40,Top 20 Accuracy,GPR + ESM2,GPR + Physchem,0.2398920668380249,4.5
500,SA_all_40,Top 20 Accuracy,GPR + Morgan,GPR + N-gram,0.5717533387517618,-3.0
500,SA_all_40,Top 20 Accuracy,GPR + Morgan,GPR + Physchem,0.33597387875440354,-4.0
500,SA_all_40,Top 20 Accuracy,GPR + N-gram,GPR + Physchem,0.9,-1.0
500,PA_all_40,Top 20 Accuracy,GPR + ESM2,GPR + Morgan,0.0029226920964366965,24.0
500,PA_all_40,Top 20 Accuracy,GPR + ESM2,GPR + N-gram,0.001,27.5
500,PA_all_40,Top 20 Accuracy,GPR + ESM2,GPR + Physchem,0.17208554137159549,13.0
500,PA_all_40,Top 20 Accuracy,GPR + Morgan,GPR + N-gram,0.9,3.5
500,PA_all_40,Top 20 Accuracy,GPR + Morgan,GPR + Physchem,0.2977063298034205,-11.0
500,PA_all_40,Top 20 Accuracy,GPR + N-gram,GPR + Physchem,0.10826072696283862,-14.5
500,hemopi2_all,Top 20 Accuracy,GPR + ESM2,GPR + Morgan,0.001,16.0
500,hemopi2_all,Top 20 Accuracy,GPR + ESM2,GPR + N-gram,0.001,15.0
500,hemopi2_all,Top 20 Accuracy,GPR + ESM2,GPR + Physchem,0.001,16.5
500,hemopi2_all,Top 20 Accuracy,GPR + Morgan,GPR + N-gram,0.9,-1.0
500,hemopi2_all,Top 20 Accuracy,GPR + Morgan,GPR + Physchem,0.9,0.5
500,hemopi2_all,Top 20 Accuracy,GPR + N-gram,GPR + Physchem,0.9,1.5
