Train Size,Metric,group1,group2,p-adj mean value,p-adj std value,effect size mean value,effect size std value,n datasets
20,Test MAE,GPR + ESM2,GPR + Morgan,0.2758148983270441,0.3661306437651178,-0.1572699124934296,0.17298124367147144,10
20,Test MAE,GPR + ESM2,GPR + N-gram,0.2416199229000962,0.367494681638881,-0.22891799060534349,0.26666227584831675,10
20,Test MAE,GPR + ESM2,GPR + Physchem,0.2563297712969259,0.3465343067596918,-0.12309574390024507,0.14110273823855402,10
20,Test MAE,GPR + Morgan,GPR + N-gram,0.4962749543887025,0.4103342288401003,-0.0716480781119139,0.10686316122151267,10
20,Test MAE,GPR + Morgan,GPR + Physchem,0.6289803531542798,0.3391672823686513,0.034174168593184506,0.044480343500816026,10
20,Test MAE,GPR + N-gram,GPR + Physchem,0.4411070202793398,0.3893825457620447,0.1058222467050984,0.13648816502959624,10
20,Test MSE,GPR + ESM2,GPR + Morgan,0.3020464864521463,0.33676402485810486,-0.3187385890551549,0.361325024360489,10
20,Test MSE,GPR + ESM2,GPR + N-gram,0.2456996372211902,0.35855827326008083,-0.5490488513992977,0.7245981849750351,10
20,Test MSE,GPR + ESM2,GPR + Physchem,0.36240875215525536,0.33588684389281365,-0.24587613736204514,0.3087148056077116,10
20,Test MSE,GPR + Morgan,GPR + N-gram,0.42907545328478386,0.3781661119274873,-0.2303102623441428,0.39767993383770794,10
20,Test MSE,GPR + Morgan,GPR + Physchem,0.67700860408029,0.3235400841465688,0.07286245169310976,0.10210080718856003,10
20,Test MSE,GPR + N-gram,GPR + Physchem,0.4538763463425536,0.3424446742633609,0.3031727140372526,0.4529278481214203,10
20,Test R2,GPR + ESM2,GPR + Morgan,0.3032958199283725,0.34403862077120245,0.3111533315071267,0.28563771183980835,10
20,Test R2,GPR + ESM2,GPR + N-gram,0.2481076577864753,0.35830793630275254,0.5241559683136281,0.6035558150578886,10
20,Test R2,GPR + ESM2,GPR + Physchem,0.35829916025078734,0.3316020491669763,0.2262840212419491,0.2391452007725851,10
20,Test R2,GPR + Morgan,GPR + N-gram,0.43480331565449226,0.38195361414811735,0.21300263680650136,0.35298265897587533,10
20,Test R2,GPR + Morgan,GPR + Physchem,0.6805360840726193,0.31531489921465544,-0.0848693102651776,0.10539699955860915,10
20,Test R2,GPR + N-gram,GPR + Physchem,0.454845351555894,0.3424544075051755,-0.29787194707167897,0.40230056500263467,10
20,Test RMSE,GPR + ESM2,GPR + Morgan,0.24183301652179562,0.3144803043727748,-0.1746712204820171,0.1948269360688528,10
20,Test RMSE,GPR + ESM2,GPR + N-gram,0.2223319768508095,0.36268070436730604,-0.24477940326155415,0.3050928573706881,10
20,Test RMSE,GPR + ESM2,GPR + Physchem,0.26130943352534547,0.33273439131129784,-0.13153335228443505,0.16477638361664784,10
20,Test RMSE,GPR + Morgan,GPR + N-gram,0.43592174907195097,0.3686138140230873,-0.070108182779537,0.12519022888415404,10
20,Test RMSE,GPR + Morgan,GPR + Physchem,0.636917711429448,0.3177870364297012,0.043137868197582065,0.043366140005792496,10
20,Test RMSE,GPR + N-gram,GPR + Physchem,0.45939465400584173,0.3548853701355275,0.11324605097711907,0.1557082551702634,10
20,Test Spearman Correlation,GPR + ESM2,GPR + Morgan,0.07649552430263556,0.21841853673076658,0.35016281835378116,0.18232782296805666,10
20,Test Spearman Correlation,GPR + ESM2,GPR + N-gram,0.0936902958002475,0.283440645725532,0.414896592244873,0.26134407717049263,10
20,Test Spearman Correlation,GPR + ESM2,GPR + Physchem,0.2710536648591809,0.4340151143153998,0.2169926232568801,0.14686467704042763,10
20,Test Spearman Correlation,GPR + Morgan,GPR + N-gram,0.5586729920294522,0.3807420123292669,0.06473377389109179,0.08539643172962684,10
20,Test Spearman Correlation,GPR + Morgan,GPR + Physchem,0.30121408253070586,0.3863492183006818,-0.13317019509690112,0.07804194865226702,10
20,Test Spearman Correlation,GPR + N-gram,GPR + Physchem,0.2712242922257754,0.383523848302708,-0.1979039689879929,0.15346072362926394,10
20,Top 20 Accuracy,GPR + ESM2,GPR + Morgan,0.18591578852412366,0.3156836698654505,11.55,10.843456808396278,10
20,Top 20 Accuracy,GPR + ESM2,GPR + N-gram,0.2813625205149335,0.4277343517483755,9.6,7.385421074281712,10
20,Top 20 Accuracy,GPR + ESM2,GPR + Physchem,0.2920087213571946,0.36295823027197155,9.4,7.985403350280227,10
20,Top 20 Accuracy,GPR + Morgan,GPR + N-gram,0.5684495216038614,0.3828246563623868,-1.95,5.27283394179807,10
20,Top 20 Accuracy,GPR + Morgan,GPR + Physchem,0.5179338863204249,0.349563944261197,-2.15,4.619102846994329,10
20,Top 20 Accuracy,GPR + N-gram,GPR + Physchem,0.8056061578346185,0.1518803000267351,-0.2,2.406010991015812,10
50,Test MAE,GPR + ESM2,GPR + Morgan,0.1968706985975324,0.373084237582395,-0.21298105004308088,0.1841863207933198,10
50,Test MAE,GPR + ESM2,GPR + N-gram,0.153796928935569,0.2606086265702507,-0.24621381736631495,0.23194735126162888,10
50,Test MAE,GPR + ESM2,GPR + Physchem,0.14441571266974754,0.24155076090012903,-0.19939559555331912,0.26865009217699215,10
50,Test MAE,GPR + Morgan,GPR + N-gram,0.39207082745130356,0.34906147896055484,-0.0332327673232341,0.1028244793559169,10
50,Test MAE,GPR + Morgan,GPR + Physchem,0.38373645780964866,0.3082724251452631,0.01358545448976175,0.1240922336558981,10
50,Test MAE,GPR + N-gram,GPR + Physchem,0.49814151390513156,0.4280237802019569,0.04681822181299585,0.19205835969463603,10
50,Test MSE,GPR + ESM2,GPR + Morgan,0.2098019892399655,0.3723923223493033,-0.4300664053849972,0.34250487461883816,10
50,Test MSE,GPR + ESM2,GPR + N-gram,0.16553054257709232,0.3087979250898508,-0.5747238510417501,0.5460071971682608,10
50,Test MSE,GPR + ESM2,GPR + Physchem,0.21256348031309905,0.27675926073347074,-2.4911462677710206,7.265201657512419,10
50,Test MSE,GPR + Morgan,GPR + N-gram,0.4498880135845469,0.3555195768244507,-0.14465744565675287,0.2760003434688296,10
50,Test MSE,GPR + Morgan,GPR + Physchem,0.3076716629394588,0.25502672244805463,-2.0610798623860234,7.015525606313023,10
50,Test MSE,GPR + N-gram,GPR + Physchem,0.3442797736600183,0.32794225881197087,-1.91642241672927,7.016701216576712,10
50,Test R2,GPR + ESM2,GPR + Morgan,0.2097145559139914,0.3723709210107985,0.42493855245045076,0.2751807975337262,10
50,Test R2,GPR + ESM2,GPR + N-gram,0.1703850524108444,0.31440582807126877,0.5453600332131404,0.46770216676028853,10
50,Test R2,GPR + ESM2,GPR + Physchem,0.21430509249259844,0.27590115212212724,1.8589405435983224,5.1710533881922975,10
50,Test R2,GPR + Morgan,GPR + N-gram,0.4507038081839661,0.3525108618379486,0.12042148076268969,0.26430891653189015,10
50,Test R2,GPR + Morgan,GPR + Physchem,0.30395575963948473,0.25772406405170123,1.4340019911478712,5.036883275698239,10
50,Test R2,GPR + N-gram,GPR + Physchem,0.3472815633608893,0.3319532031182548,1.3135805103851816,5.045513013433041,10
50,Test RMSE,GPR + ESM2,GPR + Morgan,0.19904664644558095,0.368034042583829,-0.2532278988096731,0.20109585649394413,10
50,Test RMSE,GPR + ESM2,GPR + N-gram,0.16292246726110632,0.30466339574090207,-0.3031862561560875,0.2712747463989459,10
50,Test RMSE,GPR + ESM2,GPR + Physchem,0.14411672695906036,0.2706893246742593,-0.34824338497183976,0.701177941911355,10
50,Test RMSE,GPR + Morgan,GPR + N-gram,0.45614135156396396,0.3518270778238374,-0.04995835734641443,0.10817310088342497,10
50,Test RMSE,GPR + Morgan,GPR + Physchem,0.26121561226172896,0.27738371770092646,-0.09501548616216662,0.5499493804551991,10
50,Test RMSE,GPR + N-gram,GPR + Physchem,0.3274305327697342,0.3136125929195096,-0.04505712881575221,0.5673455616289311,10
50,Test Spearman Correlation,GPR + ESM2,GPR + Morgan,0.023053519349228547,0.060429182884693816,0.40976156388546636,0.19794703161833208,10
50,Test Spearman Correlation,GPR + ESM2,GPR + N-gram,0.1087926149953226,0.2818531098357847,0.31846943578806375,0.18575677695806647,10
50,Test Spearman Correlation,GPR + ESM2,GPR + Physchem,0.028236437906794476,0.06220130270068237,0.23958459002982488,0.15646605597268284,10
50,Test Spearman Correlation,GPR + Morgan,GPR + N-gram,0.40335934918109545,0.4382008114640274,-0.09129212809740264,0.0976512863729153,10
50,Test Spearman Correlation,GPR + Morgan,GPR + Physchem,0.24713156297789113,0.35100713315235565,-0.17017697385564148,0.1402350304426335,10
50,Test Spearman Correlation,GPR + N-gram,GPR + Physchem,0.34260169212829406,0.3444954247645893,-0.07888484575823887,0.1404975858237337,10
50,Top 20 Accuracy,GPR + ESM2,GPR + Morgan,0.2692280559015065,0.38942903523253414,12.4,12.8296531519757,10
50,Top 20 Accuracy,GPR + ESM2,GPR + N-gram,0.1972459591930436,0.31375373807651624,10.7,9.372536713422063,10
50,Top 20 Accuracy,GPR + ESM2,GPR + Physchem,0.225222228325462,0.37806713119200397,11.6,9.938142012804338,10
50,Top 20 Accuracy,GPR + Morgan,GPR + N-gram,0.4089885927191726,0.3482698626302477,-1.7,8.15543445262796,10
50,Top 20 Accuracy,GPR + Morgan,GPR + Physchem,0.503294567022383,0.3584524835689882,-0.8,7.605553526499202,10
50,Top 20 Accuracy,GPR + N-gram,GPR + Physchem,0.8526941291686306,0.08192436865399201,0.9,2.4358434541926814,10
75,Test MAE,GPR + ESM2,GPR + Morgan,0.07553234340150727,0.1638537738049164,-0.26198870806525115,0.16999272058530807,10
75,Test MAE,GPR + ESM2,GPR + N-gram,0.23839062356109703,0.29326710819868557,-0.20168513368384136,0.1745382890349213,10
75,Test MAE,GPR + ESM2,GPR + Physchem,0.1456697337473294,0.2926201400852795,-0.2097257643403409,0.21204548735644682,10
75,Test MAE,GPR + Morgan,GPR + N-gram,0.3105886066676805,0.37139432227406605,0.060303574381409805,0.09651160931167788,10
75,Test MAE,GPR + Morgan,GPR + Physchem,0.23461999881304232,0.2838636890890485,0.05226294372491026,0.09888693674174932,10
75,Test MAE,GPR + N-gram,GPR + Physchem,0.3179046082863325,0.41005626490649333,-0.008040630656499547,0.16377279997169225,10
75,Test MSE,GPR + ESM2,GPR + Morgan,0.12659077512735778,0.27967272767716217,-0.5568570878279264,0.31329043807709195,10
75,Test MSE,GPR + ESM2,GPR + N-gram,0.3188621788699638,0.4164799649322046,-0.44285410277263654,0.37103238469171246,10
75,Test MSE,GPR + ESM2,GPR + Physchem,0.2249207215866147,0.3651950336825372,-6.188576743366751,18.829766229378748,10
75,Test MSE,GPR + Morgan,GPR + N-gram,0.43769066696692926,0.419795250160602,0.11400298505528979,0.26122679056935,10
75,Test MSE,GPR + Morgan,GPR + Physchem,0.19028129205596808,0.2542853382273335,-5.631719655538824,18.62569669196771,10
75,Test MSE,GPR + N-gram,GPR + Physchem,0.40241604889045285,0.38096066439788606,-5.7457226405941135,18.729501788055437,10
75,Test R2,GPR + ESM2,GPR + Morgan,0.122323269278271,0.2795994316684556,0.5860163544227074,0.3590260766206515,10
75,Test R2,GPR + ESM2,GPR + N-gram,0.3188520008161605,0.41740689254429264,0.42815573630830334,0.303289426409497,10
75,Test R2,GPR + ESM2,GPR + Physchem,0.22713859890355806,0.36444201085448774,4.41929673090292,13.100294867144685,10
75,Test R2,GPR + Morgan,GPR + N-gram,0.4363207188970776,0.42088410871818716,-0.1578606181144041,0.35160938440687006,10
75,Test R2,GPR + Morgan,GPR + Physchem,0.19090564554238473,0.258805459586696,3.8332803764802117,13.027498071958435,10
75,Test R2,GPR + N-gram,GPR + Physchem,0.40510441422106147,0.3811221174591673,3.991140994594616,13.070166957343483,10
75,Test RMSE,GPR + ESM2,GPR + Morgan,0.10894079846576303,0.2812978301238651,-0.3145195461662936,0.18395332754114396,10
75,Test RMSE,GPR + ESM2,GPR + N-gram,0.27080178771043306,0.36588969503042823,-0.2635062846084776,0.20205485763457298,10
75,Test RMSE,GPR + ESM2,GPR + Physchem,0.16898051172237588,0.30280524095444444,-0.5008476664889538,1.0779688064823703,10
75,Test RMSE,GPR + Morgan,GPR + N-gram,0.42760210077615374,0.42268254011265716,0.05101326155781599,0.10467658866748794,10
75,Test RMSE,GPR + Morgan,GPR + Physchem,0.17872560301094725,0.24947895024806965,-0.1863281203226603,0.9482956527699998,10
75,Test RMSE,GPR + N-gram,GPR + Physchem,0.384468902098231,0.36787772768741045,-0.23734138188047632,1.002847112411325,10
75,Test Spearman Correlation,GPR + ESM2,GPR + Morgan,0.003376954409451837,0.007456677630391209,0.43216247479984815,0.2044675693047584,10
75,Test Spearman Correlation,GPR + ESM2,GPR + N-gram,0.037683790069603984,0.07798314260510891,0.25848064397797066,0.16837526649498014,10
75,Test Spearman Correlation,GPR + ESM2,GPR + Physchem,0.03634707502150476,0.09150983571564637,0.22484175519208333,0.16727601538453918,10
75,Test Spearman Correlation,GPR + Morgan,GPR + N-gram,0.09493775129469982,0.2389547176945726,-0.1736818308218775,0.1018257501664878,10
75,Test Spearman Correlation,GPR + Morgan,GPR + Physchem,0.10307071293111543,0.2819239851445809,-0.2073207196077648,0.1279802899892584,10
75,Test Spearman Correlation,GPR + N-gram,GPR + Physchem,0.28664782191178234,0.3122958125705671,-0.033638888785887326,0.12207982029439254,10
75,Top 20 Accuracy,GPR + ESM2,GPR + Morgan,0.3609503569090763,0.4639412894617234,11.65,10.86802138794771,10
75,Top 20 Accuracy,GPR + ESM2,GPR + N-gram,0.2524370915252554,0.4004313288789657,11.1,9.079280441385944,10
75,Top 20 Accuracy,GPR + ESM2,GPR + Physchem,0.26466650077155285,0.41037354819493477,12.3,8.18603146287083,10
75,Top 20 Accuracy,GPR + Morgan,GPR + N-gram,0.5261958291122328,0.3977666926135011,-0.55,7.266551986862667,10
75,Top 20 Accuracy,GPR + Morgan,GPR + Physchem,0.519663759478014,0.38699568430973347,0.65,8.446070749828651,10
75,Top 20 Accuracy,GPR + N-gram,GPR + Physchem,0.7402199335224295,0.19909444391997125,1.2,3.3516165253998453,10
100,Test MAE,GPR + ESM2,GPR + Morgan,0.007048491739172736,0.018117390243272073,-0.25821859271893033,0.17717010321917015,10
100,Test MAE,GPR + ESM2,GPR + N-gram,0.16705574817352947,0.3503393877761078,-0.18045592742743533,0.1329231790989918,10
100,Test MAE,GPR + ESM2,GPR + Physchem,0.08146197566990787,0.2544431081539613,-0.19539665243101836,0.12063361041459979,10
100,Test MAE,GPR + Morgan,GPR + N-gram,0.22874845481610526,0.366840099731423,0.07776266529149498,0.0794614288852112,10
100,Test MAE,GPR + Morgan,GPR + Physchem,0.20257227880473483,0.3320764393221942,0.06282194028791195,0.06725914915888816,10
100,Test MAE,GPR + N-gram,GPR + Physchem,0.309447662912025,0.4179485585550558,-0.014940725003583033,0.07105441422173023,10
100,Test MSE,GPR + ESM2,GPR + Morgan,0.09090000000000001,0.2842887616491373,-0.4797111153454178,0.313488146696213,10
100,Test MSE,GPR + ESM2,GPR + N-gram,0.18080000000000002,0.37905168219884977,-0.36491712191562486,0.28863796624641297,10
100,Test MSE,GPR + ESM2,GPR + Physchem,0.12455091996923442,0.28189978385563863,-0.6975785366055691,1.3714830484189613,10
100,Test MSE,GPR + Morgan,GPR + N-gram,0.2905676901588123,0.36945179715446935,0.11479399342979293,0.17471333381883528,10
100,Test MSE,GPR + Morgan,GPR + Physchem,0.11653299446126997,0.19835736212702448,-0.2178674212601514,1.1516764846816683,10
100,Test MSE,GPR + N-gram,GPR + Physchem,0.37434733332359177,0.3316863235432561,-0.3326614146899443,1.308520687842004,10
100,Test R2,GPR + ESM2,GPR + Morgan,0.09090000000000001,0.2842887616491373,0.48048685952643755,0.23366925478865236,10
100,Test R2,GPR + ESM2,GPR + N-gram,0.18080000000000002,0.37905168219884977,0.35139391916024226,0.2208980621190356,10
100,Test R2,GPR + ESM2,GPR + Physchem,0.12321782821078642,0.2781997106682224,0.5895349278201467,0.9297872857486499,10
100,Test R2,GPR + Morgan,GPR + N-gram,0.29019740719534765,0.3684979385103031,-0.1290929403661953,0.1452574421686527,10
100,Test R2,GPR + Morgan,GPR + Physchem,0.11635515958340084,0.19887404451009175,0.10904806829370925,0.8164852829879629,10
100,Test R2,GPR + N-gram,GPR + Physchem,0.3803952351198652,0.3361515161146739,0.2381410086599046,0.9125235327362093,10
100,Test RMSE,GPR + ESM2,GPR + Morgan,0.033050339805036154,0.1013520735662712,-0.30272440334096656,0.1956635727099639,10
100,Test RMSE,GPR + ESM2,GPR + N-gram,0.160921836458996,0.3403848835174773,-0.23389519217359545,0.16478763508041627,10
100,Test RMSE,GPR + ESM2,GPR + Physchem,0.0964118273674011,0.2731378196564397,-0.2626203435725588,0.27302167357900586,10
100,Test RMSE,GPR + Morgan,GPR + N-gram,0.3017535777768793,0.37401042760394887,0.06882921116737115,0.08884865225981689,10
100,Test RMSE,GPR + Morgan,GPR + Physchem,0.15970176209461456,0.28376198176607553,0.040104059768407786,0.12614334939114868,10
100,Test RMSE,GPR + N-gram,GPR + Physchem,0.3849170850094875,0.33187822339558104,-0.028725151398963356,0.20426504673307877,10
100,Test Spearman Correlation,GPR + ESM2,GPR + Morgan,0.001,0.0,0.450935529890469,0.18469944743671832,10
100,Test Spearman Correlation,GPR + ESM2,GPR + N-gram,0.09251854351038954,0.28375605677882315,0.22866618224406093,0.14052163031552065,10
100,Test Spearman Correlation,GPR + ESM2,GPR + Physchem,0.07262210984540218,0.22648899793824107,0.24499483023693625,0.15031300914269238,10
100,Test Spearman Correlation,GPR + Morgan,GPR + N-gram,0.010642839856689379,0.02654669971604988,-0.222269347646408,0.10767558230508585,10
100,Test Spearman Correlation,GPR + Morgan,GPR + Physchem,0.1497492951970564,0.31545027283178845,-0.20594069965353273,0.14466462033756475,10
100,Test Spearman Correlation,GPR + N-gram,GPR + Physchem,0.31562472922240575,0.4214232384915723,0.01632864799287527,0.1062422324890871,10
100,Top 20 Accuracy,GPR + ESM2,GPR + Morgan,0.22665485933800503,0.3738284688821254,14.2,10.799176923368845,10
100,Top 20 Accuracy,GPR + ESM2,GPR + N-gram,0.2574150689294597,0.37165218150255236,11.35,9.55117793782526,10
100,Top 20 Accuracy,GPR + ESM2,GPR + Physchem,0.16247995059421622,0.27085010905353885,15.65,9.01249133147988,10
100,Top 20 Accuracy,GPR + Morgan,GPR + N-gram,0.2933589773857973,0.2947533714914126,-2.85,7.579394581509939,10
100,Top 20 Accuracy,GPR + Morgan,GPR + Physchem,0.5769475469058661,0.3830396597927224,1.45,8.568190525944722,10
100,Top 20 Accuracy,GPR + N-gram,GPR + Physchem,0.4929043013180373,0.3518635326426783,4.3,5.223876806442595,10
200,Test MAE,GPR + ESM2,GPR + Morgan,0.001,0.0,-0.29317331621434295,0.17066297268925218,10
200,Test MAE,GPR + ESM2,GPR + N-gram,0.06110696533474198,0.19007491369856977,-0.1640660420864843,0.09468141549539194,10
200,Test MAE,GPR + ESM2,GPR + Physchem,0.0010840288443647588,0.00026572253734444187,-0.21553849867877442,0.0967687182770261,10
200,Test MAE,GPR + Morgan,GPR + N-gram,0.004166438811798167,0.007557879111614782,0.12910727412785866,0.10765561922957903,10
200,Test MAE,GPR + Morgan,GPR + Physchem,0.18193274296446557,0.378468823895873,0.07763481753556853,0.09295619465084129,10
200,Test MAE,GPR + N-gram,GPR + Physchem,0.1641954723363423,0.3000580612168307,-0.05147245659229014,0.04570862945984896,10
200,Test MSE,GPR + ESM2,GPR + Morgan,0.001,0.0,-0.5212601755659596,0.29960127801647324,10
200,Test MSE,GPR + ESM2,GPR + N-gram,0.001701592893501979,0.002218631533654201,-0.2972464066530519,0.19520420784340992,10
200,Test MSE,GPR + ESM2,GPR + Physchem,0.019192492359957746,0.0575297121726783,-0.322982366001579,0.15176181902640198,10
200,Test MSE,GPR + Morgan,GPR + N-gram,0.08997131254726823,0.1961984018337811,0.22401376891290772,0.21659983534656072,10
200,Test MSE,GPR + Morgan,GPR + Physchem,0.1426867719674395,0.31185047198524085,0.19827780956438062,0.1820429408040551,10
200,Test MSE,GPR + N-gram,GPR + Physchem,0.19720045134852296,0.27296276652681223,-0.02573595934852709,0.11494921802964582,10
200,Test R2,GPR + ESM2,GPR + Morgan,0.001,0.0,0.5261638599931289,0.20661251432367014,10
200,Test R2,GPR + ESM2,GPR + N-gram,0.0017718855231764522,0.0024409163461482767,0.30223935072127467,0.16427043420779847,10
200,Test R2,GPR + ESM2,GPR + Physchem,0.019776750350677164,0.05937729816450517,0.34410997207454724,0.166109826261784,10
200,Test R2,GPR + Morgan,GPR + N-gram,0.08798957294995177,0.19167723337929915,-0.22392450927185417,0.16980992462790062,10
200,Test R2,GPR + Morgan,GPR + Physchem,0.1406819738167339,0.30926383880408204,-0.18205388791858157,0.1292482596624147,10
200,Test R2,GPR + N-gram,GPR + Physchem,0.20352809793594479,0.28292846753776446,0.04187062135327261,0.11097997308087092,10
200,Test RMSE,GPR + ESM2,GPR + Morgan,0.001,0.0,-0.3482802098726723,0.1958178753797483,10
200,Test RMSE,GPR + ESM2,GPR + N-gram,0.0012265892074058698,0.000716537988614841,-0.2159600590593333,0.12218809825564388,10
200,Test RMSE,GPR + ESM2,GPR + Physchem,0.011491746553124927,0.033177815741095545,-0.2410940982488885,0.1249149880591096,10
200,Test RMSE,GPR + Morgan,GPR + N-gram,0.0988873964481507,0.21049425963515359,0.13232015081333898,0.12180534413856067,10
200,Test RMSE,GPR + Morgan,GPR + Physchem,0.1447662388140157,0.3144751503360803,0.10718611162378382,0.09304558456738377,10
200,Test RMSE,GPR + N-gram,GPR + Physchem,0.19792581832745965,0.2758481794295775,-0.025134039189555167,0.06782375001786921,10
200,Test Spearman Correlation,GPR + ESM2,GPR + Morgan,0.001,0.0,0.48072805233317306,0.1415485414036477,10
200,Test Spearman Correlation,GPR + ESM2,GPR + N-gram,0.001,0.0,0.2130818224277256,0.1212202853849234,10
200,Test Spearman Correlation,GPR + ESM2,GPR + Physchem,0.001,0.0,0.26141154493776686,0.135137050978266,10
200,Test Spearman Correlation,GPR + Morgan,GPR + N-gram,0.001,0.0,-0.2676462299054474,0.12414456672013516,10
200,Test Spearman Correlation,GPR + Morgan,GPR + Physchem,0.019056199518645157,0.03866772370571592,-0.21931650739540612,0.12655039076831479,10
200,Test Spearman Correlation,GPR + N-gram,GPR + Physchem,0.10861206449275532,0.1978331425980572,0.048329722510041265,0.09029345690742986,10
200,Top 20 Accuracy,GPR + ESM2,GPR + Morgan,0.15317942526075035,0.2233904615229864,15.45,10.414866511119786,10
200,Top 20 Accuracy,GPR + ESM2,GPR + N-gram,0.273403589824165,0.4324614685024171,13.0,10.005554013202422,10
200,Top 20 Accuracy,GPR + ESM2,GPR + Physchem,0.21058384872203773,0.3466011938120575,15.7,10.446158251827427,10
200,Top 20 Accuracy,GPR + Morgan,GPR + N-gram,0.262854403448403,0.3324766114767073,-2.45,10.483982491824799,10
200,Top 20 Accuracy,GPR + Morgan,GPR + Physchem,0.5479149417788974,0.409913005418228,0.25,10.075410110208363,10
200,Top 20 Accuracy,GPR + N-gram,GPR + Physchem,0.4151694402801117,0.3660305082815386,2.7,7.149980574954188,10
350,Test MAE,GPR + ESM2,GPR + Morgan,0.001,0.0,-0.3282885116548844,0.1628593369900883,10
350,Test MAE,GPR + ESM2,GPR + N-gram,0.001,0.0,-0.1840002074571543,0.08825887183425116,10
350,Test MAE,GPR + ESM2,GPR + Physchem,0.001,0.0,-0.2410137301051311,0.09493871281911954,10
350,Test MAE,GPR + Morgan,GPR + N-gram,0.0037522753553382963,0.005804194194359906,0.14428830419773003,0.1369167956290038,10
350,Test MAE,GPR + Morgan,GPR + Physchem,0.1934327415149022,0.3496683481609133,0.08727478154975324,0.09098139662752387,10
350,Test MAE,GPR + N-gram,GPR + Physchem,0.09258964070299966,0.2837447729776959,-0.05701352264797681,0.08340835365543593,10
350,Test MSE,GPR + ESM2,GPR + Morgan,0.001,0.0,-0.5622132641149822,0.2887003463321728,10
350,Test MSE,GPR + ESM2,GPR + N-gram,0.001,0.0,-0.3230346197466375,0.1985297884968465,10
350,Test MSE,GPR + ESM2,GPR + Physchem,0.001,0.0,-0.3520093044492612,0.1360554000524561,10
350,Test MSE,GPR + Morgan,GPR + N-gram,0.09167729163103752,0.2840261541268037,0.23917864436834463,0.26350723065182735,10
350,Test MSE,GPR + Morgan,GPR + Physchem,0.09872940268337829,0.2826109601455192,0.21020395966572095,0.1848932695425672,10
350,Test MSE,GPR + N-gram,GPR + Physchem,0.11384102327190179,0.28145872383056225,-0.028974684702623665,0.16928079951382305,10
350,Test R2,GPR + ESM2,GPR + Morgan,0.001,0.0,0.5668479199358701,0.18480818107378333,10
350,Test R2,GPR + ESM2,GPR + N-gram,0.001,0.0,0.3344353722043055,0.17375188501766325,10
350,Test R2,GPR + ESM2,GPR + Physchem,0.001,0.0,0.3761005411358263,0.15531300118387165,10
350,Test R2,GPR + Morgan,GPR + N-gram,0.09090000000000001,0.2842887616491373,-0.23241254773156467,0.20269569925085634,10
350,Test R2,GPR + Morgan,GPR + Physchem,0.0983504047526064,0.28264245966371704,-0.19074737880004383,0.12759690582174046,10
350,Test R2,GPR + N-gram,GPR + Physchem,0.11139096135156712,0.28114338587585425,0.041665168931520814,0.14950899898530823,10
350,Test RMSE,GPR + ESM2,GPR + Morgan,0.001,0.0,-0.3902573937140904,0.19376272278074078,10
350,Test RMSE,GPR + ESM2,GPR + N-gram,0.001,0.0,-0.24227237726612844,0.11563647787257687,10
350,Test RMSE,GPR + ESM2,GPR + Physchem,0.001,0.0,-0.2755353412971278,0.12351774536880931,10
350,Test RMSE,GPR + Morgan,GPR + N-gram,0.0912978936685413,0.28415170750995256,0.147985016447962,0.1563059513088668,10
350,Test RMSE,GPR + Morgan,GPR + Physchem,0.1016787411784279,0.2825394833541805,0.11472205241696262,0.09394947928097588,10
350,Test RMSE,GPR + N-gram,GPR + Physchem,0.11798651163836413,0.28195058917588933,-0.033262964030999376,0.10366551683835769,10
350,Test Spearman Correlation,GPR + ESM2,GPR + Morgan,0.001,0.0,0.5074468425780279,0.1364717941847257,10
350,Test Spearman Correlation,GPR + ESM2,GPR + N-gram,0.001,0.0,0.22831763181890077,0.14101445895667056,10
350,Test Spearman Correlation,GPR + ESM2,GPR + Physchem,0.001,0.0,0.27605365325845,0.12877841527765316,10
350,Test Spearman Correlation,GPR + Morgan,GPR + N-gram,0.01567285119621963,0.04639962954878021,-0.27912921075912717,0.1497879742146025,10
350,Test Spearman Correlation,GPR + Morgan,GPR + Physchem,0.08117131138829888,0.25352394698962033,-0.23139318931957797,0.13026298006316164,10
350,Test Spearman Correlation,GPR + N-gram,GPR + Physchem,0.062191020900292125,0.17029681915672362,0.04773602143954923,0.1147167371251756,10
350,Top 20 Accuracy,GPR + ESM2,GPR + Morgan,0.11784123935015982,0.25270989015833656,19.85,13.810322226508694,10
350,Top 20 Accuracy,GPR + ESM2,GPR + N-gram,0.18120781613960538,0.3399888963112339,19.5,12.414149633024048,10
350,Top 20 Accuracy,GPR + ESM2,GPR + Physchem,0.2127102999515694,0.3756499867997807,20.15,13.763982789230095,10
350,Top 20 Accuracy,GPR + Morgan,GPR + N-gram,0.3763032461171776,0.41526285721612366,-0.35,10.972313642375825,10
350,Top 20 Accuracy,GPR + Morgan,GPR + Physchem,0.3624598070290516,0.3965520964284372,0.3,10.039366956580922,10
350,Top 20 Accuracy,GPR + N-gram,GPR + Physchem,0.608105540108175,0.33956755391672905,0.65,4.558569463719463,10
500,Test MAE,GPR + ESM2,GPR + Morgan,0.001,0.0,-0.3498682874276652,0.155583678490479,10
500,Test MAE,GPR + ESM2,GPR + N-gram,0.001,0.0,-0.2018707452428916,0.09379433510004198,10
500,Test MAE,GPR + ESM2,GPR + Physchem,0.001,0.0,-0.2537071984777453,0.09229488267267388,10
500,Test MAE,GPR + Morgan,GPR + N-gram,0.0015584974493657471,0.001766124007390322,0.1479975421847735,0.14446428442156503,10
500,Test MAE,GPR + Morgan,GPR + Physchem,0.10063887166517704,0.2231135137337871,0.09616108894991983,0.09356244735925714,10
500,Test MAE,GPR + N-gram,GPR + Physchem,0.001356309265151067,0.0011267488292982305,-0.05183645323485368,0.09418858552894029,10
500,Test MSE,GPR + ESM2,GPR + Morgan,0.001,0.0,-0.5876774683276678,0.2799137180313831,10
500,Test MSE,GPR + ESM2,GPR + N-gram,0.001,0.0,-0.3503287328798678,0.21559280778660814,10
500,Test MSE,GPR + ESM2,GPR + Physchem,0.001,0.0,-0.3593922102433438,0.13004337684887826,10
500,Test MSE,GPR + Morgan,GPR + N-gram,0.12645946469023087,0.29383064131583214,0.23734873544780002,0.26660241130839013,10
500,Test MSE,GPR + Morgan,GPR + Physchem,0.04315098037513537,0.12533346926354738,0.22828525808432407,0.18781511851808183,10
500,Test MSE,GPR + N-gram,GPR + Physchem,0.17992039824203224,0.300917814456104,-0.00906347736347594,0.1832107298527806,10
500,Test R2,GPR + ESM2,GPR + Morgan,0.001,0.0,0.5914129921780189,0.1654687823243612,10
500,Test R2,GPR + ESM2,GPR + N-gram,0.001,0.0,0.36117691426311316,0.18568379478342223,10
500,Test R2,GPR + ESM2,GPR + Physchem,0.001,0.0,0.3841034243844491,0.15098737168244436,10
500,Test R2,GPR + Morgan,GPR + N-gram,0.10505755683978406,0.2828358161769873,-0.2302360779149058,0.20764280445639227,10
500,Test R2,GPR + Morgan,GPR + Physchem,0.04144010378449745,0.1224196985547888,-0.20730956779356982,0.12760929158264733,10
500,Test R2,GPR + N-gram,GPR + Physchem,0.17434231600368869,0.2904233345180322,0.022926510121335977,0.15735627722347642,10
500,Test RMSE,GPR + ESM2,GPR + Morgan,0.001,0.0,-0.4162569828253595,0.18978943064877904,10
500,Test RMSE,GPR + ESM2,GPR + N-gram,0.001,0.0,-0.2674376373886064,0.12526842284697506,10
500,Test RMSE,GPR + ESM2,GPR + Physchem,0.001,0.0,-0.2904054288063173,0.12190719686758271,10
500,Test RMSE,GPR + Morgan,GPR + N-gram,0.12021147823466169,0.2889632999073235,0.14881934543675315,0.1604409505728899,10
500,Test RMSE,GPR + Morgan,GPR + Physchem,0.04551616309962044,0.13036814296331678,0.12585155401904222,0.09556455140111837,10
500,Test RMSE,GPR + N-gram,GPR + Physchem,0.1857151676337724,0.3057178141690869,-0.022967791417710947,0.11151202267264367,10
500,Test Spearman Correlation,GPR + ESM2,GPR + Morgan,0.001,0.0,0.5109968717255603,0.12133410279801027,10
500,Test Spearman Correlation,GPR + ESM2,GPR + N-gram,0.001,0.0,0.2420444476423877,0.15203809963205572,10
500,Test Spearman Correlation,GPR + ESM2,GPR + Physchem,0.001,0.0,0.2820427446418599,0.12402477424145997,10
500,Test Spearman Correlation,GPR + Morgan,GPR + N-gram,0.014690374692832565,0.04329276605047896,-0.26895242408317255,0.1552285007310663,10
500,Test Spearman Correlation,GPR + Morgan,GPR + Physchem,0.09090000000000001,0.2842887616491373,-0.22895412708370033,0.1301126424301392,10
500,Test Spearman Correlation,GPR + N-gram,GPR + Physchem,0.01565369032309837,0.046339037547759525,0.0399982969994722,0.12173911526110329,10
500,Top 20 Accuracy,GPR + ESM2,GPR + Morgan,0.030973925755365218,0.0639415630468729,23.5,15.011106998930272,10
500,Top 20 Accuracy,GPR + ESM2,GPR + N-gram,0.1950286905823849,0.36512332576722534,22.0,14.668560483792085,10
500,Top 20 Accuracy,GPR + ESM2,GPR + Physchem,0.12545503701856858,0.2911308774888189,22.4,14.634054651925952,10
500,Top 20 Accuracy,GPR + Morgan,GPR + N-gram,0.23151805427218825,0.36134667165426687,-1.5,11.032779442290243,10
500,Top 20 Accuracy,GPR + Morgan,GPR + Physchem,0.2757471140423132,0.3046003809108876,-1.1,9.887702800280087,10
500,Top 20 Accuracy,GPR + N-gram,GPR + Physchem,0.6790923045968158,0.21786034097906995,0.4,3.3977116482192016,10
