Dataset,Label,Baseline,Foundation,Model,Train Size,CV Loss Mean,CV Loss Std,Test Accuracy Mean,Test Accuracy Std,Test Balanced Accuracy Mean,Test Balanced Accuracy Std,Test F1 (weighted) Mean,Test F1 (weighted) Std,Test MCC Mean,Test MCC Std,Test ROC AUC Mean,Test ROC AUC Std
cellppd,classes,False,facebook/esm2_t33_650M_UR50D,ExtraTrees,20,0.5024259978788324,0.09699596582850496,0.766,0.050376361299500155,0.7547179186051765,0.05123677615798655,0.7620750820006803,0.051089898946774695,0.5271038306295328,0.10475819280864695,0.8467862143728263,0.05515621071319727
cellppd,classes,True,facebook/esm2_t33_650M_UR50D,ExtraTrees,20,0.5271689615914474,0.1271253031078814,0.7476666666666667,0.09078600533910552,0.7353561588147612,0.10356335044340896,0.7289936795515894,0.1309367437943545,0.4829172369546198,0.2110593466234411,0.8529608383395818,0.05886118620334718
cellppd,classes,False,facebook/esm2_t33_650M_UR50D,ExtraTrees,50,0.5019737881144819,0.04016702248237007,0.818,0.02389276454349441,0.8104837616875198,0.026021497936824643,0.8161125083820675,0.02518783111227574,0.6333125487591714,0.04841881485537865,0.897237905957812,0.02657661244071037
cellppd,classes,True,facebook/esm2_t33_650M_UR50D,ExtraTrees,50,0.5289578060307604,0.03556590578016649,0.8186666666666668,0.0478474943549752,0.8094448710420525,0.057135992196856396,0.8148447848271182,0.05308926341379494,0.6363273810295063,0.0962185713059685,0.9039432675369257,0.0314239544853436
cellppd,classes,True,facebook/esm2_t33_650M_UR50D,ExtraTrees,75,0.48180746635545263,0.03986540814706858,0.8379999999999999,0.029656469325250207,0.8323546682325308,0.03191805608100377,0.8371426677137788,0.030235623317965404,0.6710376381144976,0.06122733792977367,0.914700302633362,0.0240850756788463
cellppd,classes,False,facebook/esm2_t33_650M_UR50D,ExtraTrees,75,0.46918281267704554,0.04480703523268821,0.8470000000000001,0.03840813956943484,0.8418017977325082,0.042390956515224426,0.8459588062845407,0.039710259432470814,0.6903729768692326,0.07807061489757412,0.9188468313835314,0.025103186361838704
cellppd,classes,True,facebook/esm2_t33_650M_UR50D,ExtraTrees,100,0.4416601618860702,0.03798045633211294,0.8543333333333333,0.02049088927328135,0.8512286011111613,0.02188187147609092,0.8539290750538966,0.020684888359151492,0.706132823168994,0.04172759303131921,0.9259158046885586,0.016983974161387704
cellppd,classes,False,facebook/esm2_t33_650M_UR50D,ExtraTrees,100,0.4435532050818737,0.04532353466652659,0.8646666666666667,0.021953936062628406,0.860571841546592,0.024901774786693243,0.864099098898085,0.022494204888900478,0.7263180103951031,0.045136808938240985,0.9307308369845069,0.016634899731916918
cellppd,classes,True,facebook/esm2_t33_650M_UR50D,ExtraTrees,200,0.38963896429988604,0.027836601841232596,0.8736666666666666,0.019145318223433704,0.8695040426396856,0.021300999247825348,0.8730321965807626,0.019584649271498205,0.7458072866553762,0.038171754866865804,0.9430868602917928,0.014223097892996282
cellppd,classes,False,facebook/esm2_t33_650M_UR50D,ExtraTrees,200,0.41058854245000687,0.026899789337124072,0.876,0.014807405554629022,0.873205655178644,0.016093367537384017,0.8756544385310503,0.014951797753502484,0.7503848004779241,0.029207391715330246,0.9441664031799087,0.008793121591008113
cellppd,classes,False,facebook/esm2_t33_650M_UR50D,ExtraTrees,350,0.3609991376966469,0.015216690033918304,0.8913333333333334,0.01944920576625872,0.8856136230182031,0.022503817436106157,0.8905981016035434,0.020313926226598097,0.7801169622820542,0.037986736234302446,0.9509304846650707,0.012527922362291138
cellppd,classes,True,facebook/esm2_t33_650M_UR50D,ExtraTrees,350,0.3554807375992578,0.01936521981447259,0.8886666666666667,0.027225623370296485,0.8832467591128778,0.030042179024459346,0.8879005533687622,0.027998746299473565,0.7753241446795178,0.05444879447557668,0.9527733863318127,0.012983640669937568
cellppd,classes,True,facebook/esm2_t33_650M_UR50D,ExtraTrees,500,0.3231224921130795,0.02006090487002086,0.8963333333333333,0.020394262083388206,0.8926261348751072,0.02173003785612118,0.8959535628819948,0.020670479026791384,0.7905131162641075,0.04091759624220944,0.9557635846244186,0.012995576098995546
cellppd,classes,False,facebook/esm2_t33_650M_UR50D,ExtraTrees,500,0.3387797314791265,0.012054469037483148,0.8939999999999999,0.023559748054575207,0.8893536293418854,0.02683951034794248,0.8934300979084165,0.024386358206741458,0.7851154794028831,0.04678828424100591,0.9562875468630019,0.009103333441821978
