Dataset,Label,Baseline,Foundation,Model,Train Size,CV Loss Mean,CV Loss Std,Test Accuracy Mean,Test Accuracy Std,Test Balanced Accuracy Mean,Test Balanced Accuracy Std,Test F1 (weighted) Mean,Test F1 (weighted) Std,Test MCC Mean,Test MCC Std,Test ROC AUC Mean,Test ROC AUC Std,Foundation Simple,Model Label
cellppd,classes,False,facebook/esm2_t33_650M_UR50D,ET,20,0.5024259978788324,0.0969959658285049,0.766,0.0503763612995001,0.7547179186051765,0.0512367761579865,0.7620750820006803,0.0510898989467746,0.5271038306295328,0.1047581928086469,0.8467862143728263,0.0551562107131972, + ESM2 (SCARSE),ET + ESM2 (SCARSE)
cellppd,classes,True,facebook/esm2_t33_650M_UR50D,ET,20,0.5271689615914474,0.1271253031078814,0.7476666666666667,0.0907860053391055,0.7353561588147612,0.1035633504434089,0.7289936795515894,0.1309367437943545,0.4829172369546198,0.2110593466234411,0.8529608383395818,0.0588611862033471, + Descriptors (Baseline),ET + Descriptors (Baseline)
cellppd,classes,False,facebook/esm2_t33_650M_UR50D,ET,50,0.5019737881144819,0.04016702248237,0.818,0.0238927645434944,0.8104837616875198,0.0260214979368246,0.8161125083820675,0.0251878311122757,0.6333125487591714,0.0484188148553786,0.897237905957812,0.0265766124407103, + ESM2 (SCARSE),ET + ESM2 (SCARSE)
cellppd,classes,True,facebook/esm2_t33_650M_UR50D,ET,50,0.5289578060307604,0.0355659057801664,0.8186666666666668,0.0478474943549752,0.8094448710420525,0.0571359921968563,0.8148447848271182,0.0530892634137949,0.6363273810295063,0.0962185713059685,0.9039432675369256,0.0314239544853436, + Descriptors (Baseline),ET + Descriptors (Baseline)
cellppd,classes,True,facebook/esm2_t33_650M_UR50D,ET,75,0.4818074663554526,0.0398654081470685,0.8379999999999999,0.0296564693252502,0.8323546682325308,0.0319180560810037,0.8371426677137788,0.0302356233179654,0.6710376381144976,0.0612273379297736,0.914700302633362,0.0240850756788463, + Descriptors (Baseline),ET + Descriptors (Baseline)
cellppd,classes,False,facebook/esm2_t33_650M_UR50D,ET,75,0.4691828126770455,0.0448070352326882,0.8470000000000001,0.0384081395694348,0.8418017977325082,0.0423909565152244,0.8459588062845407,0.0397102594324708,0.6903729768692326,0.0780706148975741,0.9188468313835314,0.0251031863618387, + ESM2 (SCARSE),ET + ESM2 (SCARSE)
cellppd,classes,True,facebook/esm2_t33_650M_UR50D,ET,100,0.4416601618860702,0.0379804563321129,0.8543333333333333,0.0204908892732813,0.8512286011111613,0.0218818714760909,0.8539290750538966,0.0206848883591514,0.706132823168994,0.0417275930313192,0.9259158046885586,0.0169839741613877, + Descriptors (Baseline),ET + Descriptors (Baseline)
cellppd,classes,False,facebook/esm2_t33_650M_UR50D,ET,100,0.4435532050818737,0.0453235346665265,0.8646666666666667,0.0219539360626284,0.860571841546592,0.0249017747866932,0.864099098898085,0.0224942048889004,0.7263180103951031,0.0451368089382409,0.9307308369845068,0.0166348997319169, + ESM2 (SCARSE),ET + ESM2 (SCARSE)
cellppd,classes,True,facebook/esm2_t33_650M_UR50D,ET,200,0.389638964299886,0.0278366018412325,0.8736666666666666,0.0191453182234337,0.8695040426396856,0.0213009992478253,0.8730321965807626,0.0195846492714982,0.7458072866553762,0.0381717548668658,0.9430868602917928,0.0142230978929962, + Descriptors (Baseline),ET + Descriptors (Baseline)
cellppd,classes,False,facebook/esm2_t33_650M_UR50D,ET,200,0.4105885424500068,0.026899789337124,0.876,0.014807405554629,0.873205655178644,0.016093367537384,0.8756544385310503,0.0149517977535024,0.7503848004779241,0.0292073917153302,0.9441664031799089,0.0087931215910081, + ESM2 (SCARSE),ET + ESM2 (SCARSE)
cellppd,classes,False,facebook/esm2_t33_650M_UR50D,ET,350,0.3609991376966469,0.0152166900339183,0.8913333333333334,0.0194492057662587,0.8856136230182031,0.0225038174361061,0.8905981016035434,0.020313926226598,0.7801169622820542,0.0379867362343024,0.9509304846650708,0.0125279223622911, + ESM2 (SCARSE),ET + ESM2 (SCARSE)
cellppd,classes,True,facebook/esm2_t33_650M_UR50D,ET,350,0.3554807375992578,0.0193652198144725,0.8886666666666667,0.0272256233702964,0.8832467591128778,0.0300421790244593,0.8879005533687622,0.0279987462994735,0.7753241446795178,0.0544487944755766,0.9527733863318129,0.0129836406699375, + Descriptors (Baseline),ET + Descriptors (Baseline)
cellppd,classes,True,facebook/esm2_t33_650M_UR50D,ET,500,0.3231224921130795,0.0200609048700208,0.8963333333333333,0.0203942620833882,0.8926261348751072,0.0217300378561211,0.8959535628819948,0.0206704790267913,0.7905131162641075,0.0409175962422094,0.9557635846244186,0.0129955760989955, + Descriptors (Baseline),ET + Descriptors (Baseline)
cellppd,classes,False,facebook/esm2_t33_650M_UR50D,ET,500,0.3387797314791265,0.0120544690374831,0.8939999999999999,0.0235597480545752,0.8893536293418854,0.0268395103479424,0.8934300979084165,0.0243863582067414,0.7851154794028831,0.0467882842410059,0.956287546863002,0.0091033334418219, + ESM2 (SCARSE),ET + ESM2 (SCARSE)
