Model,CV Loss,Test Accuracy,Test Balanced Accuracy,Test F1 (weighted),Test MCC,Test ROC AUC,Confusion Matrix,Seed,Label,Train Size,Foundation,Dataset,Baseline
ExtraTrees,0.3401687968708552,0.9033333333333332,0.9013279732598584,0.9032907243526712,0.8033638601776962,0.9589638195040426,"[[116  15]
 [ 14 155]]",44,classes,500,facebook/esm2_t33_650M_UR50D,cellppd,False
ExtraTrees,0.3149551755669704,0.9066666666666666,0.9077194091874068,0.9068680692920936,0.8119257146367642,0.9576764984868332,"[[120  11]
 [ 17 152]]",44,classes,500,facebook/esm2_t33_650M_UR50D,cellppd,True
ExtraTrees,0.4249778446171155,0.87,0.8708839604318172,0.870316827457631,0.7381591324585295,0.9220606170107052,"[[115  16]
 [ 23 146]]",44,classes,100,facebook/esm2_t33_650M_UR50D,cellppd,False
ExtraTrees,0.3964136416531142,0.8533333333333334,0.8569492750350061,0.8538844158167829,0.7085420831521734,0.9267130403360586,"[[116  15]
 [ 29 140]]",44,classes,100,facebook/esm2_t33_650M_UR50D,cellppd,True
ExtraTrees,0.5074887976179017,0.7733333333333333,0.7619133655539998,0.7707030146742802,0.5361750883467625,0.8180812141469804,"[[ 88  43]
 [ 25 144]]",44,classes,20,facebook/esm2_t33_650M_UR50D,cellppd,False
ExtraTrees,0.425944920233424,0.7866666666666666,0.7943448213559781,0.7874074074074073,0.5845848420852803,0.9077871629251548,"[[112  19]
 [ 45 124]]",44,classes,20,facebook/esm2_t33_650M_UR50D,cellppd,True
ExtraTrees,0.3585735182227296,0.9,0.8975111793667284,0.8999095022624435,0.7964626830425178,0.9623740909706852,"[[115  16]
 [ 14 155]]",44,classes,350,facebook/esm2_t33_650M_UR50D,cellppd,False
ExtraTrees,0.326882933920453,0.9066666666666666,0.9068611951759338,0.9068095388171024,0.8112344962799647,0.955711640092145,"[[119  12]
 [ 16 153]]",44,classes,350,facebook/esm2_t33_650M_UR50D,cellppd,True
ExtraTrees,0.4325152728333421,0.8733333333333333,0.872984326302001,0.8735272312517821,0.7436879104115247,0.9477392836171462,"[[114  17]
 [ 21 148]]",44,classes,200,facebook/esm2_t33_650M_UR50D,cellppd,False
ExtraTrees,0.338908959879026,0.8733333333333333,0.8772753963593658,0.8738092682054035,0.7488893071216106,0.9460680247526988,"[[119  12]
 [ 26 143]]",44,classes,200,facebook/esm2_t33_650M_UR50D,cellppd,True
ExtraTrees,0.4599703105168958,0.85,0.8531324811418763,0.8505454545454545,0.7011373718745648,0.9247707665206196,"[[115  16]
 [ 29 140]]",44,classes,75,facebook/esm2_t33_650M_UR50D,cellppd,False
ExtraTrees,0.4593237922241847,0.85,0.8514160531189303,0.8504391031752263,0.6987254842703248,0.918379330593071,"[[113  18]
 [ 27 142]]",44,classes,75,facebook/esm2_t33_650M_UR50D,cellppd,True
ExtraTrees,0.4300021793462046,0.82,0.8179231220922354,0.8201461038961039,0.6348148162630138,0.8941686616378336,"[[105  26]
 [ 28 141]]",44,classes,50,facebook/esm2_t33_650M_UR50D,cellppd,False
ExtraTrees,0.4592967099275493,0.8433333333333334,0.8472153213785627,0.8439374396918182,0.6890822899475361,0.9162337955643888,"[[115  16]
 [ 31 138]]",44,classes,50,facebook/esm2_t33_650M_UR50D,cellppd,True
ExtraTrees,0.5588107885023682,0.6933333333333334,0.676317810199196,0.6867161739292887,0.3683438760213436,0.764917114594155,"[[ 71  60]
 [ 32 137]]",49,classes,20,facebook/esm2_t33_650M_UR50D,cellppd,False
ExtraTrees,0.6952076997693667,0.5633333333333334,0.5,0.4059843638948116,0.0,0.856858936718009,"[[  0 131]
 [  0 169]]",49,classes,20,facebook/esm2_t33_650M_UR50D,cellppd,True
ExtraTrees,0.4628100429233469,0.8566666666666667,0.858191426893717,0.8570862541452161,0.7121970553038143,0.915940196034148,"[[114  17]
 [ 26 143]]",49,classes,75,facebook/esm2_t33_650M_UR50D,cellppd,False
ExtraTrees,0.4992368066844075,0.8466666666666667,0.8450246171913818,0.8467911255411256,0.6889298819386277,0.9272776548172909,"[[109  22]
 [ 24 145]]",49,classes,75,facebook/esm2_t33_650M_UR50D,cellppd,True
ExtraTrees,0.396590672464979,0.88,0.8831925561226794,0.8804191482692221,0.7610412810297669,0.9412800939518498,"[[119  12]
 [ 24 145]]",49,classes,200,facebook/esm2_t33_650M_UR50D,cellppd,False
ExtraTrees,0.3865572749960412,0.9033333333333332,0.905619043317223,0.9036163109351456,0.8064980525382411,0.961335200325218,"[[121  10]
 [ 19 150]]",49,classes,200,facebook/esm2_t33_650M_UR50D,cellppd,True
ExtraTrees,0.3457607296305267,0.9166666666666666,0.9131622927864854,0.916463416939872,0.8303664198358579,0.9523013686255024,"[[116  15]
 [ 10 159]]",49,classes,500,facebook/esm2_t33_650M_UR50D,cellppd,False
ExtraTrees,0.336902122574045,0.9166666666666666,0.9131622927864854,0.916463416939872,0.8303664198358579,0.9716111838836444,"[[116  15]
 [ 10 159]]",49,classes,500,facebook/esm2_t33_650M_UR50D,cellppd,True
ExtraTrees,0.354203173278206,0.9033333333333332,0.9004697592483852,0.9031987077148368,0.8031737650899787,0.9476489453001492,"[[115  16]
 [ 13 156]]",49,classes,350,facebook/esm2_t33_650M_UR50D,cellppd,False
ExtraTrees,0.3638515882097944,0.9266666666666666,0.922038032431456,0.9263595952240072,0.8511799725906587,0.9733727810650888,"[[116  15]
 [  7 162]]",49,classes,350,facebook/esm2_t33_650M_UR50D,cellppd,True
ExtraTrees,0.5132244250850283,0.8266666666666667,0.824698495867022,0.8268073593073593,0.6483435826819173,0.8971949952572383,"[[106  25]
 [ 27 142]]",49,classes,50,facebook/esm2_t33_650M_UR50D,cellppd,False
ExtraTrees,0.5583357996063736,0.8733333333333333,0.873842540313474,0.8736066654678416,0.7444638760528642,0.9404670490988754,"[[115  16]
 [ 22 147]]",49,classes,50,facebook/esm2_t33_650M_UR50D,cellppd,True
ExtraTrees,0.3931011396124714,0.8833333333333333,0.8844347079813903,0.8836176656671048,0.7651287755881798,0.9268711323908037,"[[117  14]
 [ 21 148]]",49,classes,100,facebook/esm2_t33_650M_UR50D,cellppd,False
ExtraTrees,0.4240444020977166,0.8533333333333334,0.8578074890464791,0.8539100644949877,0.7099929548285796,0.9336690907448396,"[[117  14]
 [ 30 139]]",49,classes,100,facebook/esm2_t33_650M_UR50D,cellppd,True
ExtraTrees,0.4911862239452308,0.7733333333333333,0.7507565834048511,0.7635128168179709,0.5481657686779176,0.8564975834500203,"[[ 75  56]
 [ 12 157]]",43,classes,50,facebook/esm2_t33_650M_UR50D,cellppd,False
ExtraTrees,0.5051678025049976,0.7066666666666667,0.6804282036225665,0.6909758153407248,0.4031334675713512,0.8263923393107186,"[[ 62  69]
 [ 19 150]]",43,classes,50,facebook/esm2_t33_650M_UR50D,cellppd,True
ExtraTrees,0.3124641799982183,0.8433333333333334,0.8291928271376304,0.8401278538812785,0.6861430270485284,0.9373503771624736,"[[ 94  37]
 [ 10 159]]",43,classes,500,facebook/esm2_t33_650M_UR50D,cellppd,False
ExtraTrees,0.2994894570243167,0.8633333333333333,0.8512353764849361,0.8611109694518171,0.7258464470722469,0.9369890238944848,"[[ 99  32]
 [  9 160]]",43,classes,500,facebook/esm2_t33_650M_UR50D,cellppd,True
ExtraTrees,0.5019610923316138,0.7133333333333334,0.6966439315235557,0.7071477278034655,0.4108069845674189,0.7929671620217715,"[[ 74  57]
 [ 29 140]]",43,classes,20,facebook/esm2_t33_650M_UR50D,cellppd,False
ExtraTrees,0.4533985981347684,0.6866666666666666,0.6643931523555716,0.6750169216835883,0.3547307850458077,0.7857400966619992,"[[ 64  67]
 [ 27 142]]",43,classes,20,facebook/esm2_t33_650M_UR50D,cellppd,True
ExtraTrees,0.4427007146403038,0.7966666666666666,0.7783323546682326,0.790530957077,0.5918640877250216,0.8793983468087989,"[[ 83  48]
 [ 13 156]]",43,classes,75,facebook/esm2_t33_650M_UR50D,cellppd,False
ExtraTrees,0.4575822028676669,0.7833333333333333,0.775080175256335,0.78200017504005,0.5569823235627062,0.8675188581236731,"[[ 93  38]
 [ 27 142]]",43,classes,75,facebook/esm2_t33_650M_UR50D,cellppd,True
ExtraTrees,0.4454359905000363,0.87,0.8554361082253037,0.8670461110266514,0.744282589284743,0.9296716202177154,"[[ 97  34]
 [  5 164]]",43,classes,200,facebook/esm2_t33_650M_UR50D,cellppd,False
ExtraTrees,0.4280536478603763,0.84,0.8262342472559736,0.8369007263922519,0.6784636599600974,0.921518587108722,"[[ 94  37]
 [ 11 158]]",43,classes,200,facebook/esm2_t33_650M_UR50D,cellppd,True
ExtraTrees,0.3671983180723243,0.85,0.834251772889471,0.8462358779431951,0.7033438873527068,0.9246578436243732,"[[ 93  38]
 [  7 162]]",43,classes,350,facebook/esm2_t33_650M_UR50D,cellppd,False
ExtraTrees,0.3643768635565492,0.84,0.8245178192330276,0.8361769115442279,0.6811775395563021,0.9383215140701928,"[[ 92  39]
 [  9 160]]",43,classes,350,facebook/esm2_t33_650M_UR50D,cellppd,True
ExtraTrees,0.4485768433805822,0.8166666666666667,0.8072406161073219,0.8149950491832109,0.6258204016970728,0.8983016396404534,"[[ 96  35]
 [ 20 149]]",43,classes,100,facebook/esm2_t33_650M_UR50D,cellppd,False
ExtraTrees,0.4277161452946794,0.8266666666666667,0.8161163557522924,0.8246552465156259,0.6471365621789803,0.9007181896201273,"[[ 96  35]
 [ 17 152]]",43,classes,100,facebook/esm2_t33_650M_UR50D,cellppd,True
ExtraTrees,0.447501039097751,0.9,0.8966529653552555,0.8998096015231878,0.7963331391919689,0.9616965535932066,"[[114  17]
 [ 13 156]]",48,classes,100,facebook/esm2_t33_650M_UR50D,cellppd,False
ExtraTrees,0.4623939499294897,0.87,0.8683093183973982,0.8700542699506946,0.7360038670538703,0.9322914314106328,"[[112  19]
 [ 20 149]]",48,classes,100,facebook/esm2_t33_650M_UR50D,cellppd,True
ExtraTrees,0.5246275624608313,0.8966666666666666,0.8928361714621257,0.8964146370054413,0.7895153332581673,0.9602511405212522,"[[113  18]
 [ 13 156]]",48,classes,75,facebook/esm2_t33_650M_UR50D,cellppd,False
ExtraTrees,0.4874552163208845,0.88,0.8746104160079498,0.8794975194574666,0.7555264197228692,0.9440354126202628,"[[109  22]
 [ 14 155]]",48,classes,75,facebook/esm2_t33_650M_UR50D,cellppd,True
ExtraTrees,0.439596175144817,0.9133333333333332,0.9110619269163016,0.9132549019607844,0.8236132773170198,0.9620579068611952,"[[117  14]
 [ 12 157]]",48,classes,200,facebook/esm2_t33_650M_UR50D,cellppd,False
ExtraTrees,0.3945690666595822,0.8866666666666667,0.8831022178056822,0.8864508817262795,0.7691282263914689,0.9481232214643842,"[[112  19]
 [ 15 154]]",48,classes,200,facebook/esm2_t33_650M_UR50D,cellppd,True
ExtraTrees,0.3787682685078869,0.91,0.902095848954334,0.909179387780849,0.819031640092229,0.9690591264284748,"[[110  21]
 [  6 163]]",48,classes,350,facebook/esm2_t33_650M_UR50D,cellppd,False
ExtraTrees,0.3287100161081468,0.91,0.902095848954334,0.909179387780849,0.819031640092229,0.9663038077600614,"[[110  21]
 [  6 163]]",48,classes,350,facebook/esm2_t33_650M_UR50D,cellppd,True
ExtraTrees,0.4860620793146195,0.7966666666666666,0.8006459189665297,0.7974771938052011,0.5965016607405381,0.8936266317358508,"[[109  22]
 [ 39 130]]",48,classes,50,facebook/esm2_t33_650M_UR50D,cellppd,False
ExtraTrees,0.4885139648174466,0.8666666666666667,0.8636343104927955,0.8665460030165911,0.7285861973562626,0.920637788518,"[[110  21]
 [ 19 150]]",48,classes,50,facebook/esm2_t33_650M_UR50D,cellppd,True
ExtraTrees,0.352498874264016,0.9033333333333332,0.8978951172139663,0.902867568049876,0.8035033448967325,0.9682009124170016,"[[112  19]
 [ 10 159]]",48,classes,500,facebook/esm2_t33_650M_UR50D,cellppd,False
ExtraTrees,0.320263589422942,0.9233333333333332,0.91650481051538,0.9227517477316676,0.8457700847602401,0.9681783278377524,"[[113  18]
 [  5 164]]",48,classes,500,facebook/esm2_t33_650M_UR50D,cellppd,True
ExtraTrees,0.5973468658438914,0.81,0.7927413162292787,0.8047601784390118,0.6191619999928855,0.8799403767107818,"[[ 86  45]
 [ 12 157]]",48,classes,20,facebook/esm2_t33_650M_UR50D,cellppd,False
ExtraTrees,0.6192366145168099,0.84,0.8305253173133385,0.8384125671765192,0.6743400320763265,0.9123718325127604,"[[ 99  32]
 [ 16 153]]",48,classes,20,facebook/esm2_t33_650M_UR50D,cellppd,True
ExtraTrees,0.3405324042554369,0.9166666666666666,0.9131622927864854,0.916463416939872,0.8303664198358579,0.9591219115587876,"[[116  15]
 [ 10 159]]",45,classes,500,facebook/esm2_t33_650M_UR50D,cellppd,False
ExtraTrees,0.2997346591950258,0.8866666666666667,0.8839604318171552,0.8865641025641026,0.7693120887680157,0.9440354126202628,"[[113  18]
 [ 16 153]]",45,classes,500,facebook/esm2_t33_650M_UR50D,cellppd,True
ExtraTrees,0.3203007340694166,0.7766666666666666,0.7554315913094539,0.7680302614246428,0.5529077822120789,0.9063417498532004,"[[ 77  54]
 [ 13 156]]",45,classes,20,facebook/esm2_t33_650M_UR50D,cellppd,False
ExtraTrees,0.3861964493285178,0.8166666666666667,0.7986584759925923,0.8111344694956557,0.6350868789415519,0.9046930755680022,"[[ 86  45]
 [ 10 159]]",45,classes,20,facebook/esm2_t33_650M_UR50D,cellppd,True
ExtraTrees,0.4672555058159465,0.86,0.8491350106147523,0.8581254905581975,0.7173151535514954,0.9442612584127558,"[[100  31]
 [ 11 158]]",45,classes,75,facebook/esm2_t33_650M_UR50D,cellppd,False
ExtraTrees,0.4197717086069564,0.84,0.8270924612674466,0.8372366405125586,0.6773435306683189,0.9331948145806044,"[[ 95  36]
 [ 12 157]]",45,classes,75,facebook/esm2_t33_650M_UR50D,cellppd,True
ExtraTrees,0.360358905485316,0.89,0.8843443696643931,0.8894699912291693,0.7761391714980471,0.9495460499570894,"[[110  21]
 [ 12 157]]",45,classes,350,facebook/esm2_t33_650M_UR50D,cellppd,False
ExtraTrees,0.3403097955909583,0.8833333333333333,0.8801436379240255,0.8831708541385962,0.7624081217005708,0.9423641537558156,"[[112  19]
 [ 16 153]]",45,classes,350,facebook/esm2_t33_650M_UR50D,cellppd,True
ExtraTrees,0.4309951855882603,0.8666666666666667,0.8567685984010118,0.8651194203966354,0.7303576675531437,0.929400605266724,"[[102  29]
 [ 11 158]]",45,classes,100,facebook/esm2_t33_650M_UR50D,cellppd,False
ExtraTrees,0.4162087679182215,0.8533333333333334,0.8415014228284927,0.8510925925925926,0.7043225296097646,0.9393378201364108,"[[ 98  33]
 [ 11 158]]",45,classes,100,facebook/esm2_t33_650M_UR50D,cellppd,True
ExtraTrees,0.3847197890218498,0.8633333333333333,0.8606757306111387,0.8632730930503283,0.7219876672502987,0.9377568995889608,"[[110  21]
 [ 20 149]]",45,classes,200,facebook/esm2_t33_650M_UR50D,cellppd,False
ExtraTrees,0.3648224335495202,0.88,0.8720357739735309,0.87899926686217,0.7566154800797267,0.9369438547359864,"[[106  25]
 [ 11 158]]",45,classes,200,facebook/esm2_t33_650M_UR50D,cellppd,True
ExtraTrees,0.5507701044244672,0.8466666666666667,0.8295767649848684,0.8422410865874363,0.6989268042599922,0.958986404083292,"[[ 91  40]
 [  6 163]]",45,classes,50,facebook/esm2_t33_650M_UR50D,cellppd,False
ExtraTrees,0.5450414391111051,0.79,0.7646912688016623,0.778386919918615,0.5937344897835879,0.9243868286733816,"[[ 74  57]
 [  6 163]]",45,classes,50,facebook/esm2_t33_650M_UR50D,cellppd,True
ExtraTrees,0.3823559629000795,0.8966666666666666,0.8962690275080176,0.8967888857598799,0.7906653043532218,0.9549663489769186,"[[117  14]
 [ 17 152]]",46,classes,350,facebook/esm2_t33_650M_UR50D,cellppd,False
ExtraTrees,0.3523137164931106,0.8566666666666667,0.8513257148019333,0.8561534526854221,0.707704175295348,0.9322462622521344,"[[106  25]
 [ 18 151]]",46,classes,350,facebook/esm2_t33_650M_UR50D,cellppd,True
ExtraTrees,0.4235064417676367,0.87,0.874316816477709,0.8705012797442746,0.74286782057958,0.938569944441935,"[[119  12]
 [ 27 142]]",46,classes,200,facebook/esm2_t33_650M_UR50D,cellppd,False
ExtraTrees,0.3911508693553405,0.8533333333333334,0.8492253489317494,0.8530540822340089,0.701115944390219,0.9165951488323772,"[[107  24]
 [ 20 149]]",46,classes,200,facebook/esm2_t33_650M_UR50D,cellppd,True
ExtraTrees,0.5071588433315469,0.85,0.83682641492389,0.847253896851135,0.6989745143669935,0.9120104792447716,"[[ 96  35]
 [ 10 159]]",46,classes,50,facebook/esm2_t33_650M_UR50D,cellppd,False
ExtraTrees,0.5223854190009396,0.8166666666666667,0.8020913320384842,0.8129155736908578,0.6296548524836112,0.8803920682957677,"[[ 90  41]
 [ 14 155]]",46,classes,50,facebook/esm2_t33_650M_UR50D,cellppd,True
ExtraTrees,0.5178296109607589,0.87,0.8691675324088712,0.870153759504365,0.7365903946744423,0.9368986855774876,"[[113  18]
 [ 21 148]]",46,classes,100,facebook/esm2_t33_650M_UR50D,cellppd,False
ExtraTrees,0.457457493613454,0.8133333333333334,0.810289534305976,0.8133333333333334,0.6205790686119518,0.8904196214824518,"[[103  28]
 [ 28 141]]",46,classes,100,facebook/esm2_t33_650M_UR50D,cellppd,True
ExtraTrees,0.4168123640518408,0.8133333333333334,0.8128641763403948,0.8137361385841875,0.6230325666018443,0.8871448574913049,"[[106  25]
 [ 31 138]]",46,classes,20,facebook/esm2_t33_650M_UR50D,cellppd,False
ExtraTrees,0.331152443088222,0.7833333333333333,0.7870951714169565,0.7841970097924272,0.5696160690605259,0.8238176972762996,"[[107  24]
 [ 41 128]]",46,classes,20,facebook/esm2_t33_650M_UR50D,cellppd,True
ExtraTrees,0.5207336624987732,0.88,0.8789014860653146,0.8800974025974027,0.7565737140331451,0.9251095352093592,"[[114  17]
 [ 19 150]]",46,classes,75,facebook/esm2_t33_650M_UR50D,cellppd,False
ExtraTrees,0.4990796941920694,0.83,0.8242242197027869,0.8293913043478262,0.653111412994344,0.8907358055919418,"[[102  29]
 [ 22 147]]",46,classes,75,facebook/esm2_t33_650M_UR50D,cellppd,True
ExtraTrees,0.3420531095778919,0.9066666666666666,0.9077194091874068,0.9068680692920936,0.8119257146367642,0.959302588192782,"[[120  11]
 [ 17 152]]",46,classes,500,facebook/esm2_t33_650M_UR50D,cellppd,False
ExtraTrees,0.29526760412509,0.8633333333333333,0.8632503726455576,0.8635869577442611,0.7238085119578984,0.9413478476895976,"[[113  18]
 [ 23 146]]",46,classes,500,facebook/esm2_t33_650M_UR50D,cellppd,True
ExtraTrees,0.476588404932096,0.8733333333333333,0.872984326302001,0.8735272312517821,0.7436879104115247,0.944193504675008,"[[114  17]
 [ 21 148]]",51,classes,100,facebook/esm2_t33_650M_UR50D,cellppd,False
ExtraTrees,0.5301135250772305,0.8766666666666667,0.87079362211482,0.8760724144084626,0.7487749980993617,0.9339175211165816,"[[108  23]
 [ 14 155]]",51,classes,100,facebook/esm2_t33_650M_UR50D,cellppd,True
ExtraTrees,0.5256160590940943,0.8366666666666667,0.8301413794661006,0.8358796839463423,0.6666824779033055,0.9081711007723926,"[[102  29]
 [ 20 149]]",51,classes,75,facebook/esm2_t33_650M_UR50D,cellppd,False
ExtraTrees,0.5610282467310296,0.8533333333333334,0.8457924928858576,0.852327619047619,0.7011513720563834,0.9199602511405212,"[[103  28]
 [ 16 153]]",51,classes,75,facebook/esm2_t33_650M_UR50D,cellppd,True
ExtraTrees,0.3326612123884527,0.8666666666666667,0.8584850264239577,0.8655547409579666,0.7290570943547321,0.9512624779800352,"[[104  27]
 [ 13 156]]",51,classes,500,facebook/esm2_t33_650M_UR50D,cellppd,False
ExtraTrees,0.3352678959804471,0.8933333333333333,0.886444735534577,0.8926019047619047,0.7835805059928663,0.9491395275306022,"[[109  22]
 [ 10 159]]",51,classes,500,facebook/esm2_t33_650M_UR50D,cellppd,True
ExtraTrees,0.6138944060664918,0.7633333333333333,0.7410226297484078,0.7534541401502894,0.5251187794117522,0.8579881656804734,"[[ 74  57]
 [ 14 155]]",51,classes,20,facebook/esm2_t33_650M_UR50D,cellppd,False
ExtraTrees,0.6434662920801392,0.7433333333333333,0.7352861466190885,0.7420966462013949,0.4751332641125076,0.8281991056506616,"[[ 88  43]
 [ 34 135]]",51,classes,20,facebook/esm2_t33_650M_UR50D,cellppd,True
ExtraTrees,0.4193610799853191,0.88,0.8763268440308957,0.8797715218278254,0.7555257699912189,0.9446226116807444,"[[111  20]
 [ 16 153]]",51,classes,200,facebook/esm2_t33_650M_UR50D,cellppd,False
ExtraTrees,0.4312272810002744,0.87,0.8640182483400334,0.8693736259981093,0.735092911400019,0.9450517186864807,"[[107  24]
 [ 15 154]]",51,classes,200,facebook/esm2_t33_650M_UR50D,cellppd,True
ExtraTrees,0.5747644710439486,0.8133333333333334,0.8025656082027192,0.8111671885552896,0.6193961937209259,0.8935362934188535,"[[ 94  37]
 [ 19 150]]",51,classes,50,facebook/esm2_t33_650M_UR50D,cellppd,False
ExtraTrees,0.5597590275873188,0.84,0.8322417453362844,0.8389028571428572,0.6736749940775557,0.9085324540403812,"[[101  30]
 [ 18 151]]",51,classes,50,facebook/esm2_t33_650M_UR50D,cellppd,True
ExtraTrees,0.3651072107366414,0.8733333333333333,0.8661186142102173,0.8724647619047619,0.7423659390246249,0.9474005149284068,"[[106  25]
 [ 13 156]]",51,classes,350,facebook/esm2_t33_650M_UR50D,cellppd,False
ExtraTrees,0.3740799097537694,0.8733333333333333,0.8644021861872713,0.8720766156814109,0.743455853607894,0.944667780839243,"[[104  27]
 [ 11 158]]",51,classes,350,facebook/esm2_t33_650M_UR50D,cellppd,True
ExtraTrees,0.3265160024485979,0.88,0.8789014860653146,0.8800974025974027,0.7565737140331451,0.9500429107005736,"[[114  17]
 [ 19 150]]",47,classes,500,facebook/esm2_t33_650M_UR50D,cellppd,False
ExtraTrees,0.3344475853005426,0.9,0.9026604634355662,0.9003138450502153,0.8002761356359764,0.9607480012647364,"[[121  10]
 [ 20 149]]",47,classes,500,facebook/esm2_t33_650M_UR50D,cellppd,True
ExtraTrees,0.473309458083159,0.83,0.8293735037716248,0.8303154840233492,0.656305852921785,0.9041962148245176,"[[108  23]
 [ 28 141]]",47,classes,75,facebook/esm2_t33_650M_UR50D,cellppd,False
ExtraTrees,0.5168233537272978,0.84,0.841682099462487,0.8405021520803443,0.6790833841514772,0.925019196892362,"[[112  19]
 [ 29 140]]",47,classes,75,facebook/esm2_t33_650M_UR50D,cellppd,True
ExtraTrees,0.3918557770347491,0.7466666666666667,0.7528343646957858,0.7476145086336169,0.5018746359309447,0.8517096526491712,"[[105  26]
 [ 50 119]]",47,classes,20,facebook/esm2_t33_650M_UR50D,cellppd,False
ExtraTrees,0.6709022505731747,0.7266666666666667,0.7093364650616558,0.7201355572213892,0.4394066820340569,0.8329192827137631,"[[ 75  56]
 [ 26 143]]",47,classes,20,facebook/esm2_t33_650M_UR50D,cellppd,True
ExtraTrees,0.3732158523124499,0.8566666666666667,0.858191426893717,0.8570862541452161,0.7121970553038143,0.9228962464429288,"[[114  17]
 [ 26 143]]",47,classes,100,facebook/esm2_t33_650M_UR50D,cellppd,False
ExtraTrees,0.4372010203936898,0.8566666666666667,0.8607660689281359,0.8572193597180465,0.7159750552635581,0.9441031663580108,"[[117  14]
 [ 29 140]]",47,classes,100,facebook/esm2_t33_650M_UR50D,cellppd,True
ExtraTrees,0.4948368603834044,0.8066666666666666,0.8009395184967705,0.8060870881782946,0.6055000547057258,0.8832603098604275,"[[ 99  32]
 [ 26 143]]",47,classes,50,facebook/esm2_t33_650M_UR50D,cellppd,False
ExtraTrees,0.5520913550826323,0.81,0.8141966665161028,0.8107573778179749,0.6233872524205504,0.907809747504404,"[[111  20]
 [ 37 132]]",47,classes,50,facebook/esm2_t33_650M_UR50D,cellppd,True
ExtraTrees,0.3785385154993744,0.86,0.8611500067753738,0.8603771043771044,0.7184164780104493,0.9407380640498668,"[[114  17]
 [ 25 144]]",47,classes,200,facebook/esm2_t33_650M_UR50D,cellppd,False
ExtraTrees,0.3916764584654308,0.8566666666666667,0.8624824969510818,0.8572439079716047,0.7191256466363928,0.954469488233434,"[[119  12]
 [ 31 138]]",47,classes,200,facebook/esm2_t33_650M_UR50D,cellppd,True
ExtraTrees,0.3648244981764285,0.8933333333333333,0.8907358055919419,0.893236802413273,0.7828873859052667,0.942341569176566,"[[114  17]
 [ 15 154]]",47,classes,350,facebook/esm2_t33_650M_UR50D,cellppd,False
ExtraTrees,0.3843426654518325,0.8866666666666667,0.890826143908939,0.8870925031311504,0.7757874564345688,0.958037851754822,"[[121  10]
 [ 24 145]]",47,classes,350,facebook/esm2_t33_650M_UR50D,cellppd,True
ExtraTrees,0.3443921697646692,0.9,0.8957947513437825,0.8997002180232558,0.7963518543127838,0.9583540358643118,"[[113  18]
 [ 12 157]]",50,classes,500,facebook/esm2_t33_650M_UR50D,cellppd,False
ExtraTrees,0.3445737887560877,0.9,0.8932201093093635,0.8993142857142857,0.7973186949822801,0.9537016125389584,"[[110  21]
 [  9 160]]",50,classes,500,facebook/esm2_t33_650M_UR50D,cellppd,True
ExtraTrees,0.3682388866923642,0.88,0.8763268440308957,0.8797715218278254,0.7555257699912189,0.9502687564930664,"[[111  20]
 [ 16 153]]",50,classes,200,facebook/esm2_t33_650M_UR50D,cellppd,False
ExtraTrees,0.3690525675924615,0.8833333333333333,0.8732779258322417,0.8818768659727266,0.7655144061712906,0.9482813135191293,"[[104  27]
 [  8 161]]",50,classes,200,facebook/esm2_t33_650M_UR50D,cellppd,True
ExtraTrees,0.3281648808653722,0.88,0.8737522019964769,0.8793431855500821,0.7557419940506184,0.9484845747323728,"[[108  23]
 [ 13 156]]",50,classes,350,facebook/esm2_t33_650M_UR50D,cellppd,False
ExtraTrees,0.3492006812218453,0.8866666666666667,0.8788111477483175,0.8857215298142719,0.770394672942224,0.9565021003658702,"[[107  24]
 [ 10 159]]",50,classes,350,facebook/esm2_t33_650M_UR50D,cellppd,True
ExtraTrees,0.4213213665906415,0.85,0.8428339130042007,0.8490770442584962,0.6941700879870181,0.9253805501603506,"[[103  28]
 [ 17 152]]",50,classes,100,facebook/esm2_t33_650M_UR50D,cellppd,False
ExtraTrees,0.409152383678624,0.8633333333333333,0.8581010885767199,0.862843989769821,0.721352365870599,0.9272776548172909,"[[107  24]
 [ 17 152]]",50,classes,100,facebook/esm2_t33_650M_UR50D,cellppd,True
ExtraTrees,0.5027213180000453,0.8066666666666666,0.8009395184967705,0.8060870881782946,0.6055000547057258,0.8779529337368445,"[[ 99  32]
 [ 26 143]]",50,classes,50,facebook/esm2_t33_650M_UR50D,cellppd,False
ExtraTrees,0.5699607207734662,0.8,0.7795745065269435,0.7925639925639926,0.6032713817944847,0.9010343737296174,"[[ 81  50]
 [ 10 159]]",50,classes,50,facebook/esm2_t33_650M_UR50D,cellppd,True
ExtraTrees,0.4257265272401557,0.7766666666666666,0.7657301594471295,0.7742657851873144,0.5430514106092513,0.8878901486065315,"[[ 89  42]
 [ 25 144]]",50,classes,75,facebook/esm2_t33_650M_UR50D,cellppd,False
ExtraTrees,0.4682590529486326,0.7933333333333333,0.7813812728668865,0.7905662003478153,0.5781117470792472,0.8895162383124803,"[[ 90  41]
 [ 21 148]]",50,classes,75,facebook/esm2_t33_650M_UR50D,cellppd,True
ExtraTrees,0.5819266425179167,0.8533333333333334,0.8415014228284927,0.8510925925925926,0.7043225296097646,0.9265549482813136,"[[ 98  33]
 [ 11 158]]",50,classes,20,facebook/esm2_t33_650M_UR50D,cellppd,False
ExtraTrees,0.539408551185438,0.8633333333333333,0.8512353764849361,0.8611109694518171,0.7258464470722469,0.9256741496905913,"[[ 99  32]
 [  9 160]]",50,classes,20,facebook/esm2_t33_650M_UR50D,cellppd,True
ExtraTrees,0.3504366407214843,0.9166666666666666,0.9105876507520664,0.9161539134769422,0.83135785241133,0.962825782555671,"[[113  18]
 [  7 162]]",42,classes,350,facebook/esm2_t33_650M_UR50D,cellppd,False
ExtraTrees,0.3707392056861183,0.9166666666666666,0.9114458647635396,0.9162651448705827,0.8308675182954179,0.9602059713627537,"[[114  17]
 [  8 161]]",42,classes,350,facebook/esm2_t33_650M_UR50D,cellppd,True
ExtraTrees,0.5014247637266106,0.86,0.8465603685803333,0.8572881355932204,0.7207355390853372,0.9396088350874022,"[[ 97  34]
 [  8 161]]",42,classes,100,facebook/esm2_t33_650M_UR50D,cellppd,False
ExtraTrees,0.4559002892044826,0.8766666666666667,0.871651836126293,0.876225063938619,0.748648747021101,0.9307105108631826,"[[109  22]
 [ 15 154]]",42,classes,100,facebook/esm2_t33_650M_UR50D,cellppd,True
ExtraTrees,0.5338625107521325,0.7166666666666667,0.7159085776231988,0.7174960837754274,0.4292940636005337,0.7822169022991102,"[[ 93  38]
 [ 47 122]]",42,classes,20,facebook/esm2_t33_650M_UR50D,cellppd,False
ExtraTrees,0.5067757970046142,0.6666666666666666,0.6826866615474954,0.6644408831908831,0.3704273691178946,0.7515470436785763,"[[106  25]
 [ 75  94]]",42,classes,20,facebook/esm2_t33_650M_UR50D,cellppd,True
ExtraTrees,0.3507498355926002,0.9033333333333332,0.8978951172139663,0.902867568049876,0.8035033448967325,0.9679750666245088,"[[112  19]
 [ 10 159]]",42,classes,500,facebook/esm2_t33_650M_UR50D,cellppd,False
ExtraTrees,0.3503230431853278,0.91,0.9081033470346448,0.9099603295697284,0.8169265589989291,0.9742084104973124,"[[117  14]
 [ 13 156]]",42,classes,500,facebook/esm2_t33_650M_UR50D,cellppd,True
ExtraTrees,0.4690113762703228,0.84,0.839965671439541,0.8403452616435892,0.6770020374689643,0.905144767152988,"[[110  21]
 [ 27 142]]",42,classes,50,facebook/esm2_t33_650M_UR50D,cellppd,False
ExtraTrees,0.5290258218957746,0.84,0.8365328153936492,0.8398552036199095,0.6742850088072585,0.9135462306337232,"[[106  25]
 [ 23 146]]",42,classes,50,facebook/esm2_t33_650M_UR50D,cellppd,True
ExtraTrees,0.3890782834969493,0.8866666666666667,0.8822440037942093,0.8863269137596899,0.7690873115117755,0.938479606124938,"[[111  20]
 [ 14 155]]",42,classes,75,facebook/esm2_t33_650M_UR50D,cellppd,False
ExtraTrees,0.4495145892513972,0.8633333333333333,0.8572428745652468,0.8626748375877558,0.7214108247006763,0.931365463661412,"[[106  25]
 [ 16 153]]",42,classes,75,facebook/esm2_t33_650M_UR50D,cellppd,True
ExtraTrees,0.41738260059035,0.87,0.8605853922941415,0.8686024719747055,0.7368994409134206,0.9489588508966076,"[[103  28]
 [ 11 158]]",42,classes,200,facebook/esm2_t33_650M_UR50D,cellppd,False
ExtraTrees,0.4003710836408073,0.89,0.8817697276299743,0.8889970295099264,0.7776292318646955,0.9524820452594968,"[[107  24]
 [  9 160]]",42,classes,200,facebook/esm2_t33_650M_UR50D,cellppd,True
