Dataset,Label,Representation,Foundation,Model,Train Size,CV MSE Mean,CV MSE Std,Test MSE Mean,Test MSE Std,Test RMSE Mean,Test RMSE Std,Test MAE Mean,Test MAE Std,Test R2 Mean,Test R2 Std,Test Spearman Correlation Mean,Test Spearman Correlation Std,Top 20 Accuracy Mean,Top 20 Accuracy Std
MAFG_MOUSE_Tsuboyama_2023_1K1V_indels,score,esm,facebook/esm2_t33_650M_UR50D,GaussianProcessRegressor,20,0.2876718087170962,0.09620470435840216,0.3704875633272935,0.24129077970216853,0.58791911499228,0.1661280548719632,0.4662949213350548,0.13061603960181575,0.2677787472193708,0.345376644113945,0.6221052631578947,0.13734710859633106,100.0,0.0
MAFG_MOUSE_Tsuboyama_2023_1K1V_indels,score,morgan,none,GaussianProcessRegressor,20,0.40390875742679117,0.1285200059562104,0.5427093081132208,0.1310441796625464,0.7310895721299671,0.0955530430705748,0.5699207609016399,0.06308463579950475,-0.10054391854231556,0.11376428665810355,0.15016993074251656,0.24044621683114542,100.0,0.0
MAFG_MOUSE_Tsuboyama_2023_1K1V_indels,score,physchem,none,GaussianProcessRegressor,20,0.43686828995196764,0.12773475448332972,0.5687180354355615,0.15497207122874132,0.7479027954459972,0.10197736132007418,0.6149023346750982,0.0812011279398242,-0.1654240666900399,0.24593018428458202,0.04226674790278573,0.04837213117000856,100.0,0.0
MAFG_MOUSE_Tsuboyama_2023_1K1V_indels,score,ngram,none,GaussianProcessRegressor,20,0.38714734583818466,0.09728285133910546,0.6359022903611551,0.3463350958477469,0.7749218767031794,0.19832177940569706,0.6564949333302892,0.1801241649147419,-0.25354332196984536,0.5265506282083977,0.3974980484752308,0.18498244635396235,100.0,0.0
MAFG_MOUSE_Tsuboyama_2023_1K1V_indels,score,esm,facebook/esm2_t33_650M_UR50D,GaussianProcessRegressor,40,0.19532872524557005,0.05641425698218918,0.3092530314000929,0.13585183868809983,0.5451895551661453,0.11557287425801772,0.42136263804385504,0.09393885226329626,0.36227155720031906,0.27617541223637787,0.7109774436090225,0.11298516919039443,100.0,0.0
MAFG_MOUSE_Tsuboyama_2023_1K1V_indels,score,ngram,none,GaussianProcessRegressor,40,0.31928340339590433,0.05503057603284876,0.5167142817327699,0.19631387363691774,0.7070055111951367,0.13685957471670432,0.5915715142002214,0.11164592616326183,-0.1648245876754571,0.8489378666437011,0.5521804511278194,0.1507144060575004,100.0,0.0
MAFG_MOUSE_Tsuboyama_2023_1K1V_indels,score,physchem,none,GaussianProcessRegressor,40,0.40512172321393686,0.0909224608907355,0.5651499510707771,0.19076579298719565,0.7407522761904823,0.13513785714100668,0.5873366802454305,0.08432620341681057,-0.11779819210819031,0.17986337290036292,0.040803563136707265,0.12285680227862868,100.0,0.0
MAFG_MOUSE_Tsuboyama_2023_1K1V_indels,score,morgan,none,GaussianProcessRegressor,40,0.3689695533867921,0.1020077436614831,0.5768237157020366,0.13177329283328215,0.7538736654049989,0.09717231150480556,0.5720304750049371,0.05464846489441349,-0.20065751190887693,0.369977389472392,0.1706314568561242,0.2408690700752969,100.0,0.0
MAFG_MOUSE_Tsuboyama_2023_1K1V_indels,score,esm,facebook/esm2_t33_650M_UR50D,GaussianProcessRegressor,60,0.16320015878537483,0.04320406086579832,0.24472299124672672,0.06968921563015737,0.4892199511183894,0.07736515634349055,0.3777854892274594,0.06298181733861363,0.5060886184838052,0.09647854328151147,0.7169924812030074,0.10783305226603898,100.0,0.0
MAFG_MOUSE_Tsuboyama_2023_1K1V_indels,score,ngram,none,GaussianProcessRegressor,60,0.2558163844918381,0.04161514759340551,0.40001591011824855,0.11138479688811832,0.6264255371579218,0.09193570527915186,0.5192962372560009,0.07054846861469466,0.13684678924120713,0.3991071084840927,0.591578947368421,0.16057822290028503,100.0,0.0
MAFG_MOUSE_Tsuboyama_2023_1K1V_indels,score,physchem,none,GaussianProcessRegressor,60,0.36283977660802513,0.07839795524212664,0.5622595894306095,0.20488983665096622,0.7378195813848907,0.1409564738004616,0.5915139152277632,0.08802244763219927,-0.11495686308908555,0.23610573782407113,0.22631578947368414,0.26041969630966116,100.0,0.0
MAFG_MOUSE_Tsuboyama_2023_1K1V_indels,score,morgan,none,GaussianProcessRegressor,60,0.34133919162657483,0.07327846755415392,0.5746910944177324,0.1689629366322599,0.7499885564353578,0.11646773341307118,0.5754439978205764,0.07189330717797188,-0.20539491157208958,0.4613862521850241,0.20611562952325707,0.2611930757108057,100.0,0.0
MAFG_MOUSE_Tsuboyama_2023_1K1V_indels,score,esm,facebook/esm2_t33_650M_UR50D,GaussianProcessRegressor,80,0.14164407095056186,0.018870766355224874,0.19374815991360264,0.0538805778240078,0.43526969175927743,0.06902862006593348,0.3302663535042991,0.058321466868139105,0.6087956324046229,0.08233806552301044,0.7974436090225563,0.07282519756283938,100.0,0.0
MAFG_MOUSE_Tsuboyama_2023_1K1V_indels,score,ngram,none,GaussianProcessRegressor,80,0.21807401031661605,0.02676088429538356,0.3275960051055941,0.10419602724008814,0.565691598075142,0.09182725916261411,0.4636241548864044,0.06102191088814487,0.33003905099217096,0.16196954278560716,0.6088721804511277,0.13296054694740744,100.0,0.0
MAFG_MOUSE_Tsuboyama_2023_1K1V_indels,score,physchem,none,GaussianProcessRegressor,80,0.36890770745808193,0.0434446222282302,0.5467845526426052,0.16519898566456273,0.7308381314855296,0.11860381392286776,0.583781953045263,0.07382593222911206,-0.0904353786309178,0.12901531073803627,0.22168190436947763,0.28463191279441563,100.0,0.0
MAFG_MOUSE_Tsuboyama_2023_1K1V_indels,score,morgan,none,GaussianProcessRegressor,80,0.3491032604352776,0.04329281670730468,0.5471898768594442,0.1430665298059939,0.733549321539684,0.10052788296517318,0.5676841741227046,0.06263427157645651,-0.15305920042280932,0.40525308367534446,0.27233077650507875,0.19023828783260172,100.0,0.0
PIN1_HUMAN_Tsuboyama_2023_1I6C_indels,score,esm,facebook/esm2_t33_650M_UR50D,GaussianProcessRegressor,20,0.20463172005796118,0.06815976096267579,0.23781077544944,0.09258129750277433,0.47879093131572503,0.09758198569670412,0.34171192990771165,0.07426489857711022,0.7212895067855939,0.09603608672028173,0.7957894736842104,0.07696741446582911,100.0,0.0
PIN1_HUMAN_Tsuboyama_2023_1I6C_indels,score,morgan,none,GaussianProcessRegressor,20,0.8309974336209518,0.21293577306582998,0.8820520019791378,0.2642790538884317,0.9298896227679878,0.13887360939416712,0.7592009940012707,0.11744743431420349,-0.02392317586097617,0.12913933525001053,0.2927904366048107,0.1784818049956317,100.0,0.0
PIN1_HUMAN_Tsuboyama_2023_1I6C_indels,score,ngram,none,GaussianProcessRegressor,20,0.5412977935995907,0.15624901493600066,0.8979240696034015,0.16116631674313392,0.9443749764391864,0.0821920074438673,0.8025117789804428,0.08509503558116614,-0.12315277494723267,0.432813489337452,0.45009291531174733,0.23551987466125962,100.0,0.0
PIN1_HUMAN_Tsuboyama_2023_1I6C_indels,score,physchem,none,GaussianProcessRegressor,20,0.7867087186499413,0.230673420903579,1.009728677114335,0.3462304517602662,0.9905960429160107,0.17778937873999004,0.847468279667361,0.14816653684350656,-0.15430301337264923,0.19404064142893696,-0.3834586466165413,0.20480408053202104,100.0,0.0
PIN1_HUMAN_Tsuboyama_2023_1I6C_indels,score,esm,facebook/esm2_t33_650M_UR50D,GaussianProcessRegressor,40,0.15021089225485723,0.06046919427416577,0.17952100913206567,0.06604851397063782,0.41509736998978786,0.08953697286985102,0.28506686147285587,0.06059786647220283,0.7922473471894494,0.0702124528897847,0.8493233082706766,0.06639589234289489,100.0,0.0
PIN1_HUMAN_Tsuboyama_2023_1I6C_indels,score,morgan,none,GaussianProcessRegressor,40,0.8503175467682947,0.14386685363579657,0.9228305589268901,0.2807878276566236,0.9509053527627748,0.14379603229726667,0.7971701057705339,0.1479337472734578,-0.07331847643610445,0.1659014196641627,0.19504153731831067,0.24770973645151828,100.0,0.0
PIN1_HUMAN_Tsuboyama_2023_1I6C_indels,score,physchem,none,GaussianProcessRegressor,40,0.833557255926754,0.12558098685862915,0.9671642864486472,0.301576319076894,0.9716725152861228,0.15991945711022762,0.8242761628652355,0.14465092982475666,-0.11784050711825353,0.2194261625693726,-0.20204687004474717,0.11453925504583082,100.0,0.0
PIN1_HUMAN_Tsuboyama_2023_1I6C_indels,score,ngram,none,GaussianProcessRegressor,40,0.4506065381208151,0.12343279963105686,1.0258227829734934,0.26348242598992405,1.005543342302128,0.12782527017316545,0.8661072629703981,0.13651826573543524,-0.266527844201618,0.44318833619824616,0.41142857142857137,0.30639747111425647,100.0,0.0
PIN1_HUMAN_Tsuboyama_2023_1I6C_indels,score,esm,facebook/esm2_t33_650M_UR50D,GaussianProcessRegressor,60,0.15780232053990467,0.033271291580325955,0.1456656191311621,0.06463816246161881,0.3735968697721784,0.08226649127204506,0.2761380619651842,0.059371926157222234,0.8162773870815482,0.11687263965415637,0.844812030075188,0.08137239056071582,100.0,0.0
PIN1_HUMAN_Tsuboyama_2023_1I6C_indels,score,morgan,none,GaussianProcessRegressor,60,0.8676063459186748,0.106066881895424,0.9121085066382255,0.2320881359568744,0.9482736071263516,0.11965539717503358,0.7807274797272866,0.10822992126470207,-0.07080074485767404,0.14003284335520524,0.21675726193027506,0.2060897721559187,100.0,0.0
PIN1_HUMAN_Tsuboyama_2023_1I6C_indels,score,ngram,none,GaussianProcessRegressor,60,0.4295050629832051,0.10180756832035229,1.022992164274391,0.20250158711022678,1.0071237490244072,0.09828483790275648,0.871294632729742,0.09377533294679867,-0.29851265829544193,0.5514848069444407,0.4663157894736842,0.2596514935880386,100.0,0.0
PIN1_HUMAN_Tsuboyama_2023_1I6C_indels,score,physchem,none,GaussianProcessRegressor,60,0.8431559066218284,0.1308062713756535,1.0431768919738094,0.3728353756795057,1.006249143799566,0.18451001953055624,0.8554582029901147,0.1526396216535352,-0.20685655030835498,0.3272962157874418,-0.1308270676691729,0.18728496755611018,100.0,0.0
PIN1_HUMAN_Tsuboyama_2023_1I6C_indels,score,esm,facebook/esm2_t33_650M_UR50D,GaussianProcessRegressor,80,0.16122634268620045,0.02725210781050232,0.12329290898137128,0.053664562080876,0.3438974516523424,0.07473993227181601,0.2500949279088243,0.04822719983089024,0.8374345158167037,0.13795017402405058,0.853533834586466,0.0863937076086411,100.0,0.0
PIN1_HUMAN_Tsuboyama_2023_1I6C_indels,score,morgan,none,GaussianProcessRegressor,80,0.8412982427161353,0.054410731086987636,0.8983089725957007,0.259646109941804,0.940060584088464,0.12734498567520663,0.7747018309929511,0.11709352229743003,-0.0591607538982211,0.2050829161284794,0.2639589526945099,0.15177380781626595,100.0,0.0
PIN1_HUMAN_Tsuboyama_2023_1I6C_indels,score,physchem,none,GaussianProcessRegressor,80,0.8505832148684387,0.07147407599267777,0.9728666727834605,0.29713287526133525,0.9754321529264768,0.15419607943091623,0.8185855198587386,0.11278589327533117,-0.13132371314306815,0.235854798495086,0.007750474549444071,0.13771577957762982,100.0,0.0
PIN1_HUMAN_Tsuboyama_2023_1I6C_indels,score,ngram,none,GaussianProcessRegressor,80,0.4242159437145787,0.044298513284515596,1.0016303661520687,0.14918789899220194,0.998274465317245,0.07511811475297701,0.8566208808277231,0.09190737451226277,-0.25184335496000915,0.4400884689444708,0.4732330827067669,0.18926677116279628,100.0,0.0
PKN1_HUMAN_Tsuboyama_2023_1URF_indels,score,esm,facebook/esm2_t33_650M_UR50D,GaussianProcessRegressor,20,0.31111607354313026,0.08513503439250487,0.2523686998426094,0.08618172385777104,0.49515842317466446,0.08936091490746521,0.38544465252343063,0.06291867356118412,0.7886841831233147,0.09752417165944702,0.8625563909774435,0.05622174550660871,100.0,0.0
PKN1_HUMAN_Tsuboyama_2023_1URF_indels,score,ngram,none,GaussianProcessRegressor,20,1.432930078924406,0.16021101004180072,1.1755370262854734,0.22714170875433368,1.0795825860295147,0.10561179557069245,0.962855852067886,0.1328554442541015,0.06148187809465968,0.12945762752040885,0.3652170156452722,0.2708376532588542,100.0,0.0
PKN1_HUMAN_Tsuboyama_2023_1URF_indels,score,physchem,none,GaussianProcessRegressor,20,1.520961517460034,0.15865389486664402,1.3575209800274122,0.17954330172766975,1.1626017092451408,0.08081697901698656,1.0571829850715162,0.11833589511726993,-0.09038262713041038,0.14356617670260002,,,100.0,0.0
PKN1_HUMAN_Tsuboyama_2023_1URF_indels,score,morgan,none,GaussianProcessRegressor,20,1.4738805566186242,0.1882712717774319,1.369984812508596,0.22089817135060638,1.1666243990447938,0.09984612640330162,1.0174927066262942,0.11070306375701196,-0.102183950990799,0.1898704302543547,0.1975503532430806,0.17640701597746283,100.0,0.0
PKN1_HUMAN_Tsuboyama_2023_1URF_indels,score,esm,facebook/esm2_t33_650M_UR50D,GaussianProcessRegressor,40,0.2270003318158238,0.0631869029469723,0.22382917731856677,0.16114482610071665,0.44947424792645674,0.15564231704460843,0.34828741327906687,0.1084083955188667,0.8039450810719263,0.17107217815744014,0.854736842105263,0.060313896362563776,100.0,0.0
PKN1_HUMAN_Tsuboyama_2023_1URF_indels,score,ngram,none,GaussianProcessRegressor,40,0.9995683265433509,0.21557452670592556,0.9968335772566096,0.1721118319024092,0.9953497970270753,0.08241061699919841,0.8586665750944628,0.11272570944880092,0.19620114099470648,0.14450555944181617,0.501077854316909,0.2085915295526065,100.0,0.0
PKN1_HUMAN_Tsuboyama_2023_1URF_indels,score,morgan,none,GaussianProcessRegressor,40,1.3376558404657508,0.11862346560951154,1.2474923424555835,0.2817869106890611,1.1099681928663567,0.13107653947462095,0.9646148727154703,0.12476804610729582,0.005834106640912416,0.18728292427231516,0.22573014328311927,0.20523200937327546,100.0,0.0
PKN1_HUMAN_Tsuboyama_2023_1URF_indels,score,physchem,none,GaussianProcessRegressor,40,1.407021171322663,0.11413922795488918,1.3737782130090945,0.18185683311897705,1.1697440517029585,0.0780104445616866,1.0677100925550669,0.093398141735156,-0.11524085599887487,0.24279942091193968,0.051127819548872175,0.16236888093054908,100.0,0.0
PKN1_HUMAN_Tsuboyama_2023_1URF_indels,score,esm,facebook/esm2_t33_650M_UR50D,GaussianProcessRegressor,60,0.16756540334021958,0.05334632937614566,0.19750501238804252,0.11633285225478861,0.4287050274002328,0.1234549484621291,0.32095125468227376,0.07758071805763728,0.8323271939341103,0.11608869808840154,0.8688721804511277,0.054596568542123344,100.0,0.0
PKN1_HUMAN_Tsuboyama_2023_1URF_indels,score,ngram,none,GaussianProcessRegressor,60,0.81033789041887,0.10601056766244958,0.8447942493939709,0.17032138427873528,0.9149772536237439,0.09195937959001127,0.7732351829483368,0.10320720558081875,0.323815409172527,0.11726229419366765,0.7037593984962405,0.10867140175125732,100.0,0.0
PKN1_HUMAN_Tsuboyama_2023_1URF_indels,score,morgan,none,GaussianProcessRegressor,60,1.2859169675539448,0.13273094467373997,1.2482447125946972,0.2619407784602247,1.111220364469793,0.12217480274097794,0.9680037671224756,0.13244402538381847,0.0070827717344475,0.1496393979855112,0.18076484777430696,0.201110297636017,100.0,0.0
PKN1_HUMAN_Tsuboyama_2023_1URF_indels,score,physchem,none,GaussianProcessRegressor,60,1.3586440134498023,0.11748923594538221,1.355350348099439,0.21549688547093057,1.1607561979383116,0.0942537770963395,1.0561708925725664,0.1348047760022877,-0.08032024752895375,0.0774451962664775,0.019646954910515834,0.057364628275023234,100.0,0.0
PKN1_HUMAN_Tsuboyama_2023_1URF_indels,score,esm,facebook/esm2_t33_650M_UR50D,GaussianProcessRegressor,80,0.14820112630343935,0.03328098435320903,0.18218139284928953,0.08407376273768626,0.4180206384092397,0.09092205888819246,0.320200592607525,0.06673709635479065,0.8466079529316944,0.09245132125813976,0.868421052631579,0.05845673263634947,100.0,0.0
PKN1_HUMAN_Tsuboyama_2023_1URF_indels,score,ngram,none,GaussianProcessRegressor,80,0.7006512746016952,0.0406753324899865,0.7974741799926097,0.21733554083332124,0.8855141145498685,0.12174167973200055,0.743223277108171,0.11292141571629903,0.36548279257561866,0.14649264955153385,0.7007518796992481,0.11367952499483024,100.0,0.0
PKN1_HUMAN_Tsuboyama_2023_1URF_indels,score,morgan,none,GaussianProcessRegressor,80,1.2479169221362236,0.08360439926938754,1.2699061289336782,0.2300107819117528,1.1223446038553957,0.10671206914117994,0.9792767174395796,0.1275514419895406,-0.016959720176666547,0.1589821275430155,0.20558854490812678,0.2253723253468207,100.0,0.0
PKN1_HUMAN_Tsuboyama_2023_1URF_indels,score,physchem,none,GaussianProcessRegressor,80,1.335321528021844,0.08103663205002065,1.358657603396903,0.19920702603311793,1.1626303539055116,0.08786519709473854,1.0661426010865604,0.12552927746932785,-0.08495386474124647,0.08255529777557834,0.04060150375939845,0.006379910807698214,100.0,0.0
POLG_PESV_Tsuboyama_2023_2MXD_indels,score,esm,facebook/esm2_t33_650M_UR50D,GaussianProcessRegressor,20,0.9295973326762151,0.2785813654727999,0.9028214932544042,0.3654022527568921,0.9323580342628626,0.1930169514717264,0.746367176116245,0.14073822293140772,0.24994670908790964,0.2444811354292217,0.5984962406015036,0.13793298602487997,100.0,0.0
POLG_PESV_Tsuboyama_2023_2MXD_indels,score,physchem,none,GaussianProcessRegressor,20,1.2465426881120272,0.28677334951199757,1.3868962597782835,0.4102067302418701,1.1660625668402815,0.17382734087510118,0.9753922462475954,0.14192879255854038,-0.14787887705680222,0.14548373740686713,0.12081199802249169,0.20610166965607357,100.0,0.0
POLG_PESV_Tsuboyama_2023_2MXD_indels,score,ngram,none,GaussianProcessRegressor,20,1.2360954271543634,0.33083388145778536,1.4462479385117732,0.5172270399228762,1.1886925923614995,0.19223209171517136,1.0179707177326027,0.15341848823008256,-0.2469049323413291,0.48482269286402707,0.28376514622954097,0.183642387946143,100.0,0.0
POLG_PESV_Tsuboyama_2023_2MXD_indels,score,morgan,none,GaussianProcessRegressor,20,1.260864789618117,0.31891672684822236,1.4830410763441697,0.4432740722678434,1.2051386669722746,0.18463739151964048,1.0184510539677003,0.17348486853333897,-0.23529179556722452,0.2368104887118877,-0.03512283048416785,0.2901198812029993,100.0,0.0
POLG_PESV_Tsuboyama_2023_2MXD_indels,score,esm,facebook/esm2_t33_650M_UR50D,GaussianProcessRegressor,40,0.6048166866558888,0.11291881307718887,0.5903013652430726,0.17060971869350955,0.7616882982635752,0.1061042544513626,0.5887806076166335,0.08779516553711612,0.4693888296283893,0.27077282582317475,0.7357894736842104,0.14427045690785903,100.0,0.0
POLG_PESV_Tsuboyama_2023_2MXD_indels,score,physchem,none,GaussianProcessRegressor,40,1.2757498657946793,0.20083233593235933,1.2394030574616146,0.2594231066043359,1.1072757804805273,0.12176207867464797,0.9313879681802877,0.11055174169646724,-0.0433309882628357,0.11424562281362881,0.28823057312675565,0.07082843341363634,100.0,0.0
POLG_PESV_Tsuboyama_2023_2MXD_indels,score,morgan,none,GaussianProcessRegressor,40,1.3918562125968068,0.23161608865895775,1.373109144827061,0.29474891167570205,1.1654907175712204,0.12797800193949613,0.9919341935458711,0.1289641198931671,-0.15785399009231324,0.14578019725845787,-0.0190328399481506,0.20389443430740176,100.0,0.0
POLG_PESV_Tsuboyama_2023_2MXD_indels,score,ngram,none,GaussianProcessRegressor,40,1.1349020859000825,0.28836007703725286,1.3989455068376375,0.709017826240964,1.151201984525634,0.2861225410784673,0.9663680727739061,0.26677275604736167,-0.15076489250443365,0.5065007390191315,0.3636547563136604,0.21840781502626785,100.0,0.0
POLG_PESV_Tsuboyama_2023_2MXD_indels,score,esm,facebook/esm2_t33_650M_UR50D,GaussianProcessRegressor,60,0.42274110402783843,0.08598858744311556,0.4623225405894046,0.15829167374310116,0.6703308327946532,0.12008846366200794,0.527753119399545,0.09499112559198494,0.6026801320564052,0.14344334157771577,0.8159398496240602,0.07224725396592888,100.0,0.0
POLG_PESV_Tsuboyama_2023_2MXD_indels,score,physchem,none,GaussianProcessRegressor,60,1.2502348973519415,0.15323453006996757,1.126180513112779,0.21337243874756856,1.0568526526895456,0.10134091866264094,0.898769483679985,0.08159022343544207,0.047458028072128,0.09560010385544755,0.39105033728639466,0.13533297939982922,100.0,0.0
POLG_PESV_Tsuboyama_2023_2MXD_indels,score,morgan,none,GaussianProcessRegressor,60,1.3029000661701513,0.16093487631374723,1.3229898316674888,0.2924393717952303,1.1435492569909171,0.13031981388965305,0.9682083920265239,0.12959215448496642,-0.120007650023968,0.20317438673705712,0.010092408992237562,0.2529476644184173,100.0,0.0
POLG_PESV_Tsuboyama_2023_2MXD_indels,score,ngram,none,GaussianProcessRegressor,60,0.915563392030039,0.1430286593692312,1.7120241084368757,0.6302266605025144,1.2868277738213658,0.24966285924738912,1.1031543500640197,0.266095551315747,-0.5284136228736175,0.729362293765951,0.5166917293233083,0.1609736020272258,100.0,0.0
POLG_PESV_Tsuboyama_2023_2MXD_indels,score,esm,facebook/esm2_t33_650M_UR50D,GaussianProcessRegressor,80,0.4008748388804714,0.05878332519249754,0.4007033500389749,0.17573589457200386,0.621511904449625,0.1266065763886748,0.48872314531337924,0.10765970008733912,0.6592623319709306,0.14158110877428443,0.8539849624060152,0.047433751079296156,100.0,0.0
POLG_PESV_Tsuboyama_2023_2MXD_indels,score,physchem,none,GaussianProcessRegressor,80,1.2515535008224552,0.07892082361120473,1.1238973270164923,0.21603889332478626,1.055393814169707,0.10562630158993153,0.9040287297237164,0.10305668469217678,0.05102362203914475,0.09637995144939143,0.28201384360692383,0.09314882751355763,100.0,0.0
POLG_PESV_Tsuboyama_2023_2MXD_indels,score,morgan,none,GaussianProcessRegressor,80,1.3314189048955345,0.11798623909618561,1.2506666037784504,0.26687234888535094,1.1125480708837947,0.11973764724595562,0.9512525776481011,0.11678971897251879,-0.06440649032417915,0.21108966743436583,-0.04785931518663958,0.16757776479578193,100.0,0.0
POLG_PESV_Tsuboyama_2023_2MXD_indels,score,ngram,none,GaussianProcessRegressor,80,0.8581101759740383,0.13056923609115417,1.7958276863746452,0.6242914383705012,1.3237908651911146,0.21960932891337623,1.1592999398985016,0.22066162760499913,-0.6114727973181326,0.7570406127097691,0.4261654135338346,0.2109891082293905,100.0,0.0
RD23A_HUMAN_Tsuboyama_2023_1IFY_indels,score,esm,facebook/esm2_t33_650M_UR50D,GaussianProcessRegressor,20,0.35788283072955596,0.2810505208610009,0.3265397822524563,0.1427242669918992,0.559781562875674,0.12103435745882733,0.4424249761654668,0.09452829126405908,0.713895846180351,0.1358683196894435,0.8239097744360901,0.10213627610016898,100.0,0.0
RD23A_HUMAN_Tsuboyama_2023_1IFY_indels,score,ngram,none,GaussianProcessRegressor,20,1.1231972628039821,0.3163690024753682,1.2406946843384703,0.21454230959126455,1.1104113854208575,0.09238349700028828,0.9466203991775981,0.10035873240114111,-0.08156521650176915,0.22766839128346045,0.3123291453656826,0.26404740810595423,100.0,0.0
RD23A_HUMAN_Tsuboyama_2023_1IFY_indels,score,morgan,none,GaussianProcessRegressor,20,0.9982696648352365,0.3965281177860941,1.2431042965415482,0.33452857119093937,1.1065500381943962,0.14395720627066175,0.899053760654717,0.11174700255529661,-0.10604720694243415,0.4034628348060721,0.27743595506424984,0.20334941086250913,100.0,0.0
RD23A_HUMAN_Tsuboyama_2023_1IFY_indels,score,physchem,none,GaussianProcessRegressor,20,1.2259041097054997,0.31823985221527695,1.260600265184814,0.22825018000674976,1.1186124004678848,0.10168886481316464,0.9658201172642455,0.10749037772881147,-0.08365336868696112,0.16305267588564745,,,100.0,0.0
RD23A_HUMAN_Tsuboyama_2023_1IFY_indels,score,esm,facebook/esm2_t33_650M_UR50D,GaussianProcessRegressor,40,0.2144517498472244,0.04608973405927307,0.23474755090106508,0.11744079578345454,0.4717189780311134,0.11656546404082228,0.35632846299584,0.09509781000212224,0.7901882887284453,0.1182156324927706,0.8714285714285713,0.08568423457144925,100.0,0.0
RD23A_HUMAN_Tsuboyama_2023_1IFY_indels,score,ngram,none,GaussianProcessRegressor,40,0.9002494384050397,0.19976299424597765,1.178306939330575,0.2895034353763748,1.077968026912549,0.13454397168394452,0.9141370857232175,0.1342477341326374,-0.013690373213149809,0.23761744218157438,0.47232355436593343,0.16918881490899224,100.0,0.0
RD23A_HUMAN_Tsuboyama_2023_1IFY_indels,score,morgan,none,GaussianProcessRegressor,40,0.8566036616816209,0.19681272898490923,1.2254258162223584,0.5111250043741583,1.0892441493446308,0.20809452804181225,0.8820143150743895,0.15533641613741742,-0.037611779042590596,0.3084042922408607,0.3270830981000806,0.24477568282486062,100.0,0.0
RD23A_HUMAN_Tsuboyama_2023_1IFY_indels,score,physchem,none,GaussianProcessRegressor,40,1.0290724800538917,0.1745172696086177,1.2746146489998014,0.18124824974814735,1.1264273053833076,0.08011224546917878,0.9573321076661424,0.09605771266589026,-0.10030513777664907,0.14381327076642977,-0.17793174697704175,0.08118809922966574,100.0,0.0
RD23A_HUMAN_Tsuboyama_2023_1IFY_indels,score,esm,facebook/esm2_t33_650M_UR50D,GaussianProcessRegressor,60,0.16887307120917278,0.039701783320323855,0.20110327771483041,0.08265238283835238,0.44024360074067437,0.08999289923665066,0.3401214323703641,0.08021907479230517,0.8228740886802838,0.0814673005339961,0.8864661654135337,0.06939505218950413,100.0,0.0
RD23A_HUMAN_Tsuboyama_2023_1IFY_indels,score,ngram,none,GaussianProcessRegressor,60,0.7484712929519546,0.1308966911420003,0.9840271733612503,0.29349549286599436,0.9824877507749601,0.1443182938215642,0.8211291962830197,0.10927442981633141,0.12685691727677983,0.332040391893496,0.5245112781954887,0.15574508355624145,100.0,0.0
RD23A_HUMAN_Tsuboyama_2023_1IFY_indels,score,morgan,none,GaussianProcessRegressor,60,0.8477872556738075,0.12246986676693178,1.0090370129233108,0.24803921997852135,0.9980246843640955,0.12010986786761516,0.8247372658894211,0.12275982981102189,0.13709597517698782,0.14369082668358532,0.4043003737499399,0.1981050609529289,100.0,0.0
RD23A_HUMAN_Tsuboyama_2023_1IFY_indels,score,physchem,none,GaussianProcessRegressor,60,0.9970996577830743,0.07546661439741693,1.2264552325279725,0.2158630482042719,1.1035946901020954,0.0973766599141489,0.9416979595559345,0.10942585287065609,-0.04908689329288875,0.08488959974480823,-0.11127819548872175,0.048912649525686025,100.0,0.0
RD23A_HUMAN_Tsuboyama_2023_1IFY_indels,score,esm,facebook/esm2_t33_650M_UR50D,GaussianProcessRegressor,80,0.1412562766772353,0.014839690777618184,0.12927138977374553,0.04634745625826519,0.35347347625724995,0.0693452822745303,0.2689834624631041,0.05423876248652346,0.8878881175506071,0.04500794198000065,0.9187969924812028,0.041769757706264996,100.0,0.0
RD23A_HUMAN_Tsuboyama_2023_1IFY_indels,score,ngram,none,GaussianProcessRegressor,80,0.6510410770698049,0.08549137760865892,0.8259062517918494,0.18737603960281318,0.9036756044972956,0.1015253314219158,0.7535587802456245,0.08402443482084307,0.27570402730621246,0.2154470900362972,0.613984962406015,0.11692861520340236,100.0,0.0
RD23A_HUMAN_Tsuboyama_2023_1IFY_indels,score,morgan,none,GaussianProcessRegressor,80,0.7946469523070717,0.09722322787890754,0.9966244054929814,0.5216693366471985,0.9765378077600374,0.2185770027249524,0.8028664061392027,0.15753268392205919,0.17039090316692093,0.28463375596990176,0.4251603100430897,0.21749549618575906,100.0,0.0
RD23A_HUMAN_Tsuboyama_2023_1IFY_indels,score,physchem,none,GaussianProcessRegressor,80,1.0188326076345153,0.05244971090060081,1.219594624069845,0.23381159044793268,1.0999360478244538,0.10400488645660062,0.9399995558819288,0.11873642729477106,-0.03997220405017686,0.06225032097771156,-0.11879699248120296,0.08506547743597567,100.0,0.0
RPC1_BP434_Tsuboyama_2023_1R69_indels,score,esm,facebook/esm2_t33_650M_UR50D,GaussianProcessRegressor,20,0.7061071386276814,0.38214093204593164,0.9623997904637631,0.5713514675425925,0.941639829550742,0.29004639833311907,0.6573763791794732,0.18466158228152404,0.3203725669628888,0.4236897101543935,0.5508270676691729,0.234120147876439,100.0,0.0
RPC1_BP434_Tsuboyama_2023_1R69_indels,score,physchem,none,GaussianProcessRegressor,20,1.197198430000185,0.4814892889339192,1.7237620954010286,0.5073746137668487,1.2998143454821567,0.19506341612642805,1.0410211894652386,0.12514670986475349,-0.1592202061160304,0.164646172608775,-0.2411118988333174,,100.0,0.0
RPC1_BP434_Tsuboyama_2023_1R69_indels,score,ngram,none,GaussianProcessRegressor,20,1.1850938053394238,0.4646860646367963,1.770620650054888,0.4897303877309865,1.318332474591156,0.19038013579049398,1.0580878133992222,0.167195119871843,-0.21274519482951137,0.31181664356595296,0.0914167796057806,0.25687747308449804,100.0,0.0
RPC1_BP434_Tsuboyama_2023_1R69_indels,score,morgan,none,GaussianProcessRegressor,20,1.1598611196752244,0.6006975279573326,1.8116281788870836,0.6578215425158493,1.326296393313933,0.2416748411710275,1.0485395391336736,0.15780293174320617,-0.20979258763086994,0.2542082172095204,0.11982680631721823,0.15114975279359188,100.0,0.0
RPC1_BP434_Tsuboyama_2023_1R69_indels,score,esm,facebook/esm2_t33_650M_UR50D,GaussianProcessRegressor,40,0.5538952926788556,0.39049391953373613,0.6918298772061786,0.34169551437054574,0.8029468890053281,0.2287797840788388,0.5045523211586411,0.1044236098103978,0.5052891381629632,0.27228448781958775,0.6033082706766917,0.19653316518352293,100.0,0.0
RPC1_BP434_Tsuboyama_2023_1R69_indels,score,ngram,none,GaussianProcessRegressor,40,1.2698894726342287,0.37535691309782765,1.5886513007987269,0.3163636051395151,1.2548791088637703,0.12440848013252434,1.032062830757563,0.10695063575038986,-0.11682198665298693,0.2864229156886671,0.3055004749377347,0.2676648461203724,100.0,0.0
RPC1_BP434_Tsuboyama_2023_1R69_indels,score,physchem,none,GaussianProcessRegressor,40,1.446157003949788,0.3878860020197703,1.6475737229713616,0.38060300105700634,1.2754445268241503,0.15207813037924114,1.0508887569877854,0.09689463372869238,-0.11985098054075811,0.11106748714076387,-0.001945983156379824,0.14197188213448964,100.0,0.0
RPC1_BP434_Tsuboyama_2023_1R69_indels,score,morgan,none,GaussianProcessRegressor,40,1.4922797686103273,0.37199858907463496,1.779953669227058,0.5243688788043959,1.320941612417425,0.19739111150514252,1.065056514387214,0.13846680982005258,-0.2152813473613111,0.28066207592192977,0.19664858298089283,0.2866900885539984,100.0,0.0
RPC1_BP434_Tsuboyama_2023_1R69_indels,score,esm,facebook/esm2_t33_650M_UR50D,GaussianProcessRegressor,60,0.5718214727421876,0.3331222043172538,0.7321332447197061,0.32755310137547466,0.8338576610010984,0.20225024628328275,0.5155325504681036,0.09918978607842968,0.481170852225045,0.24804587248090418,0.6287218045112781,0.1837739870358857,100.0,0.0
RPC1_BP434_Tsuboyama_2023_1R69_indels,score,physchem,none,GaussianProcessRegressor,60,1.431716239139403,0.23599935752015525,1.581536578621432,0.41468779285690544,1.2477857028414412,0.16521843590270494,1.0213391717071887,0.1128766460216353,-0.06722599157361557,0.08212907980918974,-0.15457783499942146,0.44277801636625824,100.0,0.0
RPC1_BP434_Tsuboyama_2023_1R69_indels,score,ngram,none,GaussianProcessRegressor,60,1.2596551492469197,0.2560266749653564,1.5998059570298988,0.38948608614938274,1.2566188810562193,0.1517122451767522,0.9935073887706611,0.15661149952905246,-0.13953437862182483,0.4335403905053515,0.3011075017012045,0.28373916671661376,100.0,0.0
RPC1_BP434_Tsuboyama_2023_1R69_indels,score,morgan,none,GaussianProcessRegressor,60,1.435424092498355,0.29034079130226687,1.8398849052798067,0.6775032509858209,1.3348523386886713,0.2539775562638716,1.076679451142486,0.18645442304920407,-0.25231701932253464,0.41040148260823706,0.14933267466694705,0.3362225432282396,100.0,0.0
RPC1_BP434_Tsuboyama_2023_1R69_indels,score,esm,facebook/esm2_t33_650M_UR50D,GaussianProcessRegressor,80,0.5230540153612542,0.2672789092362095,0.7786340969517342,0.5238492710595287,0.8373483620331774,0.29341252255350364,0.4873839266298142,0.12503128365538582,0.4523601156718634,0.35134973290447435,0.6366917293233082,0.16015990652569304,100.0,0.0
RPC1_BP434_Tsuboyama_2023_1R69_indels,score,physchem,none,GaussianProcessRegressor,80,1.451263848613236,0.1555935651743185,1.551319052743315,0.41293010398355895,1.2355846640915598,0.16549451352121933,1.0154083100215499,0.13607104846622042,-0.04662332085996931,0.08566289553382542,0.0025459225332367,,100.0,0.0
RPC1_BP434_Tsuboyama_2023_1R69_indels,score,ngram,none,GaussianProcessRegressor,80,1.2603783037342586,0.17725821581270032,1.6151494221459628,0.3973340383427959,1.2626126768515489,0.1526020620209067,1.034177604536279,0.17193562951964542,-0.16874909510673627,0.5126883898581703,0.3621052631578947,0.24476124265109586,100.0,0.0
RPC1_BP434_Tsuboyama_2023_1R69_indels,score,morgan,none,GaussianProcessRegressor,80,1.4420416108438192,0.21501255906875397,1.6469460085761738,0.6027883074834934,1.265061800039358,0.2274609872712065,1.041644710563584,0.19770304272782546,-0.10229521547209708,0.22821387283152642,0.13516397510803732,0.30418494281538144,100.0,0.0
SDA_BACSU_Tsuboyama_2023_1PV0_indels,score,esm,facebook/esm2_t33_650M_UR50D,GaussianProcessRegressor,20,0.3235339573263474,0.17881313420227918,0.3747288686435937,0.1799546472720908,0.5977180388660319,0.13929191831760526,0.4866019941216189,0.11676818423070816,0.7081100636844496,0.11717535725023302,0.8720300751879698,0.04223901658145083,100.0,0.0
SDA_BACSU_Tsuboyama_2023_1PV0_indels,score,ngram,none,GaussianProcessRegressor,20,1.1829606840219484,0.2736074412103138,1.286239676008185,0.32920647391418445,1.1266971539929735,0.13659835362729572,0.9287052575594466,0.14815949431129227,-0.02007064012040115,0.2699488002926093,0.35012882059269324,0.20193234509646507,100.0,0.0
SDA_BACSU_Tsuboyama_2023_1PV0_indels,score,physchem,none,GaussianProcessRegressor,20,1.3595182569063038,0.33872183459080757,1.3474220428481778,0.29804315049492736,1.1545180078428805,0.1269742424215963,0.9976802283845665,0.1333630918942951,-0.04322950457738632,0.0468135856250742,0.00676691729323305,0.09463534364752282,100.0,0.0
SDA_BACSU_Tsuboyama_2023_1PV0_indels,score,morgan,none,GaussianProcessRegressor,20,1.3281953713557413,0.2200621982117825,1.3577735992316575,0.2916384509032352,1.1589925804317485,0.1269724280473425,0.9727465922622063,0.12700811965570982,-0.05809304215099953,0.1386296970771783,0.2901590186026932,0.22833189684055005,100.0,0.0
SDA_BACSU_Tsuboyama_2023_1PV0_indels,score,esm,facebook/esm2_t33_650M_UR50D,GaussianProcessRegressor,40,0.22558056904071097,0.05592668592761718,0.24020735727727222,0.10754616739575819,0.47911271296678865,0.10882384109128886,0.3725558660065279,0.08126998464777563,0.8121134935892049,0.08407920951630267,0.9009022556390975,0.05114477088885954,100.0,0.0
SDA_BACSU_Tsuboyama_2023_1PV0_indels,score,ngram,none,GaussianProcessRegressor,40,0.9063991910110503,0.1424592941944832,1.0994606708592947,0.16403740310890094,1.0458548185856982,0.07922099399339094,0.8667463712971395,0.05834231322016586,0.11203304337966935,0.23063144422673204,0.5330827067669173,0.14933011432208917,100.0,0.0
SDA_BACSU_Tsuboyama_2023_1PV0_indels,score,physchem,none,GaussianProcessRegressor,40,1.3379179099657337,0.181328003732801,1.364242855154483,0.292602034026699,1.1620949518733588,0.12372989392192975,1.0089116355055285,0.12747432927374416,-0.05838441270003941,0.0638256146759711,-0.16052631578947363,0.1500918368874683,100.0,0.0
SDA_BACSU_Tsuboyama_2023_1PV0_indels,score,morgan,none,GaussianProcessRegressor,40,1.3133044769415079,0.2449592850932262,1.455052300746003,0.35143293998041036,1.1978965408793507,0.14942920321189873,1.0009193046607012,0.117577081292685,-0.14541964172536065,0.28236577639780885,0.16170127185411626,0.26622102347439663,100.0,0.0
SDA_BACSU_Tsuboyama_2023_1PV0_indels,score,esm,facebook/esm2_t33_650M_UR50D,GaussianProcessRegressor,60,0.15228095177862905,0.03163725058879808,0.16675976077491236,0.047484284488570706,0.4044421410142582,0.05950084356745875,0.3095795581133653,0.04313318026306963,0.8675287306667254,0.041735927296606995,0.9300751879699248,0.05151092401489962,100.0,0.0
SDA_BACSU_Tsuboyama_2023_1PV0_indels,score,ngram,none,GaussianProcessRegressor,60,0.7909787767709956,0.07673264339699867,0.858165253408324,0.23471783501656437,0.9186787405877078,0.1255858493466486,0.7647574412634324,0.11857701098881462,0.31763054232505444,0.21887738229528625,0.6902255639097743,0.16885759155450794,100.0,0.0
SDA_BACSU_Tsuboyama_2023_1PV0_indels,score,physchem,none,GaussianProcessRegressor,60,1.2817806434297945,0.10034979626718302,1.3091888985720852,0.2704112119529074,1.1387745954272717,0.11729033010032536,1.0000182035517977,0.12636866754255097,-0.015448856535215622,0.01195404682908194,0.01428571428571429,0.1584344517245046,100.0,0.0
SDA_BACSU_Tsuboyama_2023_1PV0_indels,score,morgan,none,GaussianProcessRegressor,60,1.2485610945981427,0.1267296830524517,1.457726560964106,0.31298145723589654,1.2010560653973301,0.1299183022620571,1.0119033131744684,0.10119408751753721,-0.14974464802959017,0.25313545606812826,0.16180085063567962,0.2658081020141997,100.0,0.0
SDA_BACSU_Tsuboyama_2023_1PV0_indels,score,esm,facebook/esm2_t33_650M_UR50D,GaussianProcessRegressor,80,0.12818290072142746,0.022322227382828134,0.13989667892815144,0.03672483291508033,0.37102175430851225,0.049883606280414404,0.2869914281373144,0.0407655016318378,0.8879986846932002,0.038281370820680276,0.9300751879699247,0.04829880217581772,100.0,0.0
SDA_BACSU_Tsuboyama_2023_1PV0_indels,score,ngram,none,GaussianProcessRegressor,80,0.6833820585471388,0.058124590068141836,0.701206631949908,0.18481439069663927,0.8313502294829889,0.10574302124852744,0.6975801840337624,0.10491369732141094,0.4502624910398034,0.11947148962487115,0.7512781954887217,0.09225563569341712,100.0,0.0
SDA_BACSU_Tsuboyama_2023_1PV0_indels,score,physchem,none,GaussianProcessRegressor,80,1.2666622681229112,0.11317044254842841,1.3715455019314775,0.3039163113489017,1.1648144322791179,0.12803142099480488,1.0200476570292454,0.14110844291033922,-0.06267701719984883,0.06373853672070583,-0.12740777391288827,0.15230915260107486,100.0,0.0
SDA_BACSU_Tsuboyama_2023_1PV0_indels,score,morgan,none,GaussianProcessRegressor,80,1.2679870900523125,0.11361770477763415,1.378896538053621,0.2752604902883821,1.168408177199238,0.1234633076737776,0.9864097068686432,0.13218599502638978,-0.0795425903485154,0.17344898007158288,0.11291556663065347,0.23337506173337003,100.0,0.0
SQSTM_MOUSE_Tsuboyama_2023_2RRU_indels,score,esm,facebook/esm2_t33_650M_UR50D,GaussianProcessRegressor,20,0.19740464316934186,0.05800633028555291,0.16113042692569376,0.04991426511079266,0.3973948228143403,0.059700937327955755,0.30475256900689746,0.04660398990478989,0.34734136679242544,0.3133232135020759,0.5461766820982813,0.17015505093804534,100.0,0.0
SQSTM_MOUSE_Tsuboyama_2023_2RRU_indels,score,physchem,none,GaussianProcessRegressor,20,0.3267692184500076,0.1181902176303165,0.3326439822094931,0.24002776223684721,0.5494097543072597,0.18497118118335695,0.42682086330258456,0.1442165590002398,-0.18744377183404737,0.8217302136679828,0.28061207090665136,0.3335357035476618,100.0,0.0
SQSTM_MOUSE_Tsuboyama_2023_2RRU_indels,score,ngram,none,GaussianProcessRegressor,20,0.32905789086405357,0.13300949765975645,0.3635546516944115,0.17759423669958105,0.5856654061667957,0.1511095397896419,0.4764775905474445,0.15340268358357448,-0.2345022919093612,0.2652973483365353,0.23310319298983423,0.24743245766658856,100.0,0.0
SQSTM_MOUSE_Tsuboyama_2023_2RRU_indels,score,morgan,none,GaussianProcessRegressor,20,0.33840293272667354,0.13829687698142792,0.3782611135711909,0.16613705032700293,0.6008938102977422,0.13819367374591007,0.4347504680576225,0.09286484393717447,-0.45420826106811185,0.948737067320909,0.13676017552902378,0.2204986495802598,100.0,0.0
SQSTM_MOUSE_Tsuboyama_2023_2RRU_indels,score,esm,facebook/esm2_t33_650M_UR50D,GaussianProcessRegressor,40,0.1443282834809254,0.03701642593442234,0.12325439124120952,0.053277005788921764,0.3447042559809632,0.07018520855422573,0.26819088349322096,0.054826171595864566,0.5185343017166593,0.23894054841885787,0.6866165413533836,0.08468419120398368,100.0,0.0
SQSTM_MOUSE_Tsuboyama_2023_2RRU_indels,score,physchem,none,GaussianProcessRegressor,40,0.28297388214757213,0.06648027196646135,0.3204877056670158,0.15075981998703303,0.5526845114688451,0.12921788855116814,0.4135826845664098,0.08302581289582729,-0.3917396834326804,1.4305444175943,0.36154672395273896,0.18665577138073003,100.0,0.0
SQSTM_MOUSE_Tsuboyama_2023_2RRU_indels,score,ngram,none,GaussianProcessRegressor,40,0.3124643639037694,0.06151921753636621,0.37075463587382806,0.1813640849695185,0.5915108676971127,0.15227726637813208,0.458769998980033,0.14339504216381146,-0.2650118136767849,0.3037569852285392,0.23289473684210524,0.2567631036102979,100.0,0.0
SQSTM_MOUSE_Tsuboyama_2023_2RRU_indels,score,morgan,none,GaussianProcessRegressor,40,0.2986364504376759,0.08217121819287529,0.3847792982115449,0.20461990524188003,0.599011738578948,0.16985037616865709,0.4338317536243926,0.11246586301459548,-0.47633888887431974,1.0366762753231176,0.11604920325525428,0.2078714061470656,100.0,0.0
SQSTM_MOUSE_Tsuboyama_2023_2RRU_indels,score,esm,facebook/esm2_t33_650M_UR50D,GaussianProcessRegressor,60,0.09039551595768207,0.023892420520094295,0.08361438619757033,0.020858284287654905,0.287048180218607,0.0367835777179083,0.2310394655097328,0.03426163649362175,0.6672050665383188,0.15112795457272213,0.7703759398496239,0.08142563621381889,100.0,0.0
SQSTM_MOUSE_Tsuboyama_2023_2RRU_indels,score,physchem,none,GaussianProcessRegressor,60,0.22389796117018096,0.05161813503412581,0.2242393416605759,0.0921194430586868,0.4631485779127257,0.1039911130711324,0.36063559286153496,0.0879557135772347,0.17282678056673426,0.3808307544113879,0.4584962406015037,0.13896279212930304,100.0,0.0
SQSTM_MOUSE_Tsuboyama_2023_2RRU_indels,score,morgan,none,GaussianProcessRegressor,60,0.27597774336282777,0.05868550055700783,0.30718513250796053,0.15586410184422955,0.539579709531077,0.13349519163341994,0.397160787047521,0.09140490989709267,-0.056945464101192375,0.20905626145189496,0.07322144513483236,0.24881947564571016,100.0,0.0
SQSTM_MOUSE_Tsuboyama_2023_2RRU_indels,score,ngram,none,GaussianProcessRegressor,60,0.2947010393140016,0.07164519419910083,0.3243989278965491,0.13997025264993868,0.5564028911014014,0.12829978206680714,0.42904622723129,0.11420151760030872,-0.11421024417166707,0.12839422076791374,0.3008986389389694,0.20872958302480218,100.0,0.0
SQSTM_MOUSE_Tsuboyama_2023_2RRU_indels,score,esm,facebook/esm2_t33_650M_UR50D,GaussianProcessRegressor,80,0.0788502340938819,0.011586854220178395,0.07489769239342617,0.021510880321970315,0.2711443873934782,0.03913528641409061,0.21506252100591916,0.036101786806270436,0.7080120467606973,0.1216054611247136,0.7884210526315789,0.08416292365020969,100.0,0.0
SQSTM_MOUSE_Tsuboyama_2023_2RRU_indels,score,physchem,none,GaussianProcessRegressor,80,0.2016954244910381,0.024322029590984052,0.20270694062976116,0.06705173811293845,0.44350337082056157,0.08172923250017362,0.3443362259112959,0.06681434196430949,0.25299806998009106,0.23340096599273452,0.5136842105263157,0.08464858018299355,100.0,0.0
SQSTM_MOUSE_Tsuboyama_2023_2RRU_indels,score,morgan,none,GaussianProcessRegressor,80,0.262825901521448,0.03532582967712893,0.2650812309880372,0.09828928508368888,0.5061750911495114,0.09926400314213213,0.37572350985826447,0.07912624969445245,0.05254349299680102,0.17918320508907884,0.14154857041663577,0.28421210772491895,100.0,0.0
SQSTM_MOUSE_Tsuboyama_2023_2RRU_indels,score,ngram,none,GaussianProcessRegressor,80,0.27872810997491515,0.05868988325226944,0.34133440031527795,0.14107421529790284,0.5710583079767207,0.1300718143780695,0.4400639157302694,0.11702338275753252,-0.21951652472857514,0.46987975878577753,0.27959389320631567,0.21137815418019906,100.0,0.0
VG08_BPP22_Tsuboyama_2023_2GP8_indels,score,esm,facebook/esm2_t33_650M_UR50D,GaussianProcessRegressor,20,0.084751174605167,0.038118389985750366,0.0887365822774069,0.03897303007563737,0.291061277126984,0.06683242089664732,0.2194600579711974,0.04954805571145094,0.6972951900458785,0.13580099138834256,0.8618045112781955,0.06893442591085437,100.0,0.0
VG08_BPP22_Tsuboyama_2023_2GP8_indels,score,ngram,none,GaussianProcessRegressor,20,0.2787044446184742,0.06839299044718344,0.2822998727140832,0.0882021813136264,0.5252370159669857,0.08449819046175298,0.44555276735170535,0.07660945845234578,0.048310614710318334,0.2835755235499288,0.3810365759959085,0.21670503124190754,100.0,0.0
VG08_BPP22_Tsuboyama_2023_2GP8_indels,score,physchem,none,GaussianProcessRegressor,20,0.3555583654589625,0.06933036144777695,0.3302045505472072,0.05810258603132314,0.5726527474344775,0.050259121924413744,0.48690123164105026,0.05002197353335004,-0.1159761259648688,0.17715252368573917,0.2263157894736842,0.15205454091680642,100.0,0.0
VG08_BPP22_Tsuboyama_2023_2GP8_indels,score,morgan,none,GaussianProcessRegressor,20,0.35318019606179135,0.0989866938439186,0.34135349902589396,0.06675846093291761,0.5816916622057351,0.05762242181480607,0.46942757612342734,0.06903650852971777,-0.14729313838851538,0.15469826434530745,0.17094448520580638,0.17015211728947827,100.0,0.0
VG08_BPP22_Tsuboyama_2023_2GP8_indels,score,esm,facebook/esm2_t33_650M_UR50D,GaussianProcessRegressor,40,0.06995808068167378,0.02118108615669511,0.06814970188326758,0.024481618253246882,0.2559741456037797,0.05402611164656749,0.18380012975329046,0.04003671365025767,0.7652007236840787,0.0960682122386767,0.8658646616541354,0.053747800654660234,100.0,0.0
VG08_BPP22_Tsuboyama_2023_2GP8_indels,score,ngram,none,GaussianProcessRegressor,40,0.24694978973052367,0.04731754970912555,0.27154691323456837,0.08978336835702994,0.5143197283955435,0.08833100762789106,0.4247517869097436,0.08253397384962796,0.06681039070717058,0.33188212908705217,0.536390977443609,0.20069545732599492,100.0,0.0
VG08_BPP22_Tsuboyama_2023_2GP8_indels,score,physchem,none,GaussianProcessRegressor,40,0.31324965769546975,0.04237209344646442,0.3325499090993454,0.0544146289428445,0.5750238243783143,0.04591671804816079,0.496138464990849,0.056577372247809114,-0.13544869754161876,0.23287693561490846,0.1841685978083915,0.2554456596053363,100.0,0.0
VG08_BPP22_Tsuboyama_2023_2GP8_indels,score,morgan,none,GaussianProcessRegressor,40,0.2957483544680647,0.06534474268944639,0.35068077988632973,0.07608646067790299,0.5892658186966151,0.06188317669553306,0.4787825242950576,0.06860936081888189,-0.183899763488179,0.21553586218116505,0.14119519911524128,0.1856112927126692,100.0,0.0
VG08_BPP22_Tsuboyama_2023_2GP8_indels,score,esm,facebook/esm2_t33_650M_UR50D,GaussianProcessRegressor,60,0.056488496248364536,0.012369646732690648,0.06146828834819412,0.02698058241004217,0.24210101097556697,0.05632631941348109,0.18019339072531187,0.042701705109557335,0.7913268509070756,0.08625108045990994,0.8947368421052632,0.037173927253612335,100.0,0.0
VG08_BPP22_Tsuboyama_2023_2GP8_indels,score,ngram,none,GaussianProcessRegressor,60,0.23137393332063266,0.05177323766011979,0.2493990437991323,0.04041839213632163,0.4979400846090706,0.04020386850711911,0.4257186961942788,0.040904798799754796,0.15383762186346692,0.132871869950744,0.5908270676691728,0.11420093148561093,100.0,0.0
VG08_BPP22_Tsuboyama_2023_2GP8_indels,score,physchem,none,GaussianProcessRegressor,60,0.29644438315072974,0.030578998883840264,0.33327832883971653,0.054785055945582715,0.5754988390745263,0.04806725685709246,0.4902327374334738,0.061389104736636134,-0.12643242518697065,0.16033065937408053,0.1004729108083289,0.26148096746381916,100.0,0.0
VG08_BPP22_Tsuboyama_2023_2GP8_indels,score,morgan,none,GaussianProcessRegressor,60,0.297345930745678,0.04152553135446585,0.3491584324459704,0.06369609221073949,0.588587907654233,0.05500209500234669,0.48537693700099177,0.06592208834026088,-0.17764461438633203,0.16852794059389098,-0.018142024851242534,0.2182669415645115,100.0,0.0
VG08_BPP22_Tsuboyama_2023_2GP8_indels,score,esm,facebook/esm2_t33_650M_UR50D,GaussianProcessRegressor,80,0.051183383008358986,0.008103155601622877,0.05293145139083018,0.019628500216035804,0.22554062000400363,0.04787576653334535,0.17210553078543517,0.03261818020773151,0.8189547945854123,0.07034458560950566,0.8891729323308268,0.04149243728221316,100.0,0.0
VG08_BPP22_Tsuboyama_2023_2GP8_indels,score,ngram,none,GaussianProcessRegressor,80,0.24561080002666263,0.01969840878496209,0.2154644201530144,0.026748403571691285,0.46334713622047674,0.02932294341178027,0.3794023982821849,0.03890508625373358,0.263499813524901,0.13408846542201797,0.6079699248120299,0.17607339503940042,100.0,0.0
VG08_BPP22_Tsuboyama_2023_2GP8_indels,score,physchem,none,GaussianProcessRegressor,80,0.29252200265393113,0.009828795011193688,0.32318821988098667,0.04613133491644539,0.5672150052844376,0.0402127351464421,0.4868053333775171,0.04672081929471554,-0.09433987234802613,0.1375356380463849,0.09774436090225559,0.15293314406745126,100.0,0.0
VG08_BPP22_Tsuboyama_2023_2GP8_indels,score,morgan,none,GaussianProcessRegressor,80,0.29721609780051816,0.014913151867791586,0.3370070183209183,0.061186624757687186,0.5781980825599884,0.054711319617617625,0.4830931781926166,0.06604605255394173,-0.13358180489049615,0.14313495172964977,-0.00811379753607375,0.22629700448098047,100.0,0.0
YNZC_BACSU_Tsuboyama_2023_2JVD_indels,score,esm,facebook/esm2_t33_650M_UR50D,GaussianProcessRegressor,20,0.19846231688059338,0.057748888074365345,0.246045353355325,0.12918542617288048,0.48039136917366887,0.1302539646603798,0.35402321770807754,0.08783356073863414,0.7619341966593042,0.10851569600627245,0.7981954887218043,0.06948026601059819,100.0,0.0
YNZC_BACSU_Tsuboyama_2023_2JVD_indels,score,ngram,none,GaussianProcessRegressor,20,0.8688503038435537,0.20788431581193206,0.6698462209128374,0.18907346806721864,0.8099898401713966,0.12366028614246456,0.6683471757801105,0.11762598367083398,0.3342612128073325,0.20049611782460136,0.5972932330827067,0.2131013304960561,100.0,0.0
YNZC_BACSU_Tsuboyama_2023_2JVD_indels,score,morgan,none,GaussianProcessRegressor,20,1.0700380378907357,0.2655117579303914,1.1777371505304868,0.28504524480667176,1.0779504901406929,0.1323290987396654,0.929783217554266,0.10364662175017726,-0.1746690069640258,0.31756098719355547,0.16335553898623345,0.2337101966490096,100.0,0.0
YNZC_BACSU_Tsuboyama_2023_2JVD_indels,score,physchem,none,GaussianProcessRegressor,20,1.0996734857885335,0.16546702855653916,1.1957354732015315,0.39614626097942485,1.0831323665831498,0.1583236827287587,0.9459439968084397,0.07679854281076824,-0.1733340125319291,0.304712625967463,0.26244528364108227,0.14894920440674816,100.0,0.0
YNZC_BACSU_Tsuboyama_2023_2JVD_indels,score,esm,facebook/esm2_t33_650M_UR50D,GaussianProcessRegressor,40,0.13530171668311738,0.03477930596546872,0.1780290523096418,0.051537818384207214,0.41773097596198144,0.06262661868826098,0.3308911809283101,0.03891488435893309,0.8234711922307788,0.05253123458994323,0.834736842105263,0.06831199365104139,100.0,0.0
YNZC_BACSU_Tsuboyama_2023_2JVD_indels,score,ngram,none,GaussianProcessRegressor,40,0.5539603872326126,0.11956980222594801,0.575953869910075,0.15809464871846066,0.7519266918494873,0.10832112748859919,0.6151759030243966,0.09889356369935272,0.4317633621449679,0.15256820090676487,0.6329323308270677,0.12250989579877651,100.0,0.0
YNZC_BACSU_Tsuboyama_2023_2JVD_indels,score,physchem,none,GaussianProcessRegressor,40,0.8929002385915229,0.12632412329321782,1.1439723719480288,0.23463560700811617,1.0645135433958821,0.10945972305815915,0.9211571016036328,0.11443885095571849,-0.15106393532297013,0.301831805702564,0.15085100340426158,0.21719960398107313,100.0,0.0
YNZC_BACSU_Tsuboyama_2023_2JVD_indels,score,morgan,none,GaussianProcessRegressor,40,1.100060856256756,0.20984101282975592,1.181382391164043,0.2810231216405925,1.0801961922791132,0.1271856794425973,0.9344574161904641,0.1152690558926947,-0.17763556926768925,0.2897759806376048,0.18206536465014353,0.23792627777371805,100.0,0.0
YNZC_BACSU_Tsuboyama_2023_2JVD_indels,score,esm,facebook/esm2_t33_650M_UR50D,GaussianProcessRegressor,60,0.11236268596213198,0.024326166600024235,0.11865778332831796,0.036379462582358045,0.3406238696855294,0.05409007640319862,0.2702146869932907,0.045984641300878655,0.883384605086448,0.031144344524894348,0.8553383458646616,0.06382981877451878,100.0,0.0
YNZC_BACSU_Tsuboyama_2023_2JVD_indels,score,ngram,none,GaussianProcessRegressor,60,0.5994849260666174,0.0975797534643886,0.6479987187301367,0.15485075525913064,0.7998888845142006,0.0953152148328221,0.6467295096038082,0.08547826832703281,0.3631901377643277,0.11880630905538273,0.631578947368421,0.06698437496372453,100.0,0.0
YNZC_BACSU_Tsuboyama_2023_2JVD_indels,score,physchem,none,GaussianProcessRegressor,60,0.9400832007666207,0.05600643195155617,1.1549785217409536,0.36237904097570534,1.0655322634271192,0.14764641447591367,0.9364593801033152,0.11356461724394377,-0.1525675419215095,0.3930767384134614,0.12213868003341684,0.19921375470097413,100.0,0.0
YNZC_BACSU_Tsuboyama_2023_2JVD_indels,score,morgan,none,GaussianProcessRegressor,60,0.9937738410620888,0.1319244562574617,1.1555823271779733,0.19551076158994107,1.0717683809264429,0.08752691537962265,0.9601721255439992,0.09116083621395538,-0.15132956029481623,0.2241797254909612,0.13206287461706906,0.24534908792462215,100.0,0.0
YNZC_BACSU_Tsuboyama_2023_2JVD_indels,score,esm,facebook/esm2_t33_650M_UR50D,GaussianProcessRegressor,80,0.09023862594275053,0.013778618466976561,0.0984121286848185,0.035461113390618026,0.30876618813720685,0.05845767460343999,0.2512145816538997,0.0509933376350987,0.9039386459496515,0.028998648905888172,0.8777443609022557,0.05786402422893441,100.0,0.0
YNZC_BACSU_Tsuboyama_2023_2JVD_indels,score,ngram,none,GaussianProcessRegressor,80,0.505246394158747,0.07458615112395874,0.6225126102334704,0.18371247154873088,0.782057711147905,0.1100421468123827,0.6204913166235062,0.08536823907427521,0.3882829727272728,0.14977607219711817,0.6870676691729323,0.06776545642464477,100.0,0.0
YNZC_BACSU_Tsuboyama_2023_2JVD_indels,score,morgan,none,GaussianProcessRegressor,80,1.0056459730981282,0.0432671753149235,1.1251325549730409,0.2093367675840127,1.05708719581354,0.09249153366724788,0.9395233596852229,0.08973825164478348,-0.12154078958536729,0.2388902883164727,0.1965979794788425,0.21080951846488333,100.0,0.0
YNZC_BACSU_Tsuboyama_2023_2JVD_indels,score,physchem,none,GaussianProcessRegressor,80,0.9182197250518154,0.05971127436852817,1.1662038147537657,0.4999492952178635,1.063313991987547,0.19879405646512313,0.9352806429525184,0.1524252027879462,-0.1656498607470302,0.5340520968852552,0.14917293233082704,0.20983272786275764,100.0,0.0
